date,site,transect,sample_period,diptera,spider,lepidoptera,thysanoptera,dermaptera,chrysopidae,hemerobiidae,acrididae,tettigoniidae,raphidiidae,ciccadellidae,delphacidae,dictyopharidae,cercopidae,membracidae,miridae,rhopalidae,nabidae,scutelleridae,pentatomidae,pentatomoidea,psyllidae,lygaeidae,anthocoridae,reduviidae,tingidae,phymatidae,caliscelidae,alydidae,berytidae,rhyparochromidae,piesmatidae,aphididae,melyridae,scraptiidae,coccinellidae,chrysomelidae,curculionidae,cerambycidae,endomychidae,cleridae,bruchidae,mordellidae,buprestidae,staphylinidae,elateridae,latriidae,corylophidae,leiodidae,meloidae,carabidae,ichneumonidae,braconidae,cephidae,halictidae,microhymenoptera,formicidae,chrysididae,bethylidae,drynidae,andrenidae,megachilidae,vespidae,crabronidae,tenthredinidae,pompillidae,sphecidae,apidae,ephemeroptera,collembula,mantidae,coenagrionidae,psocoptera
5/26/2021,Aeschliman,1,1,34,,,,,,,,,,4,,,,,,,,,,,,,,,,,,,1,,,,,,,,,,,,,,,,,,,,,,,2,,,2,,,,,,,,,,,,,,,,,
5/26/2021,Aeschliman,2,1,2,,,,,,,1,,1,5,,,,,,,,,,,,,,,,,,,,,,,,,,1,,,,,,,,,,,,,,,,,,,1,1,,,,,,,,,,,,,,,,
5/26/2021,Aeschliman,3,1,2,,1,,,,,,,,2,,,,,,,,,,,,,,,,,,,,,,,,,,,,,,,,,,,,,,,,,,,,,1,,,,,,,,,,,,,,,,,
5/26/2021,Aeschliman,4,1,6,5,1,,,,,,,,6,,,,,,,,,,,,,,,,,,,1,,,3,,,,,,,,,,,,,,,,,,,1,3,,,,,,,,,,,,,,,,,,,,
5/26/2021,Aeschliman,5,1,4,,,,,,,,,,,,,,,,,,,,,,,,,,,,,,,,2,,,,,,,,,,,,,,,,,,,,,,2,,,,,,,,,,,,,,,,,,
5/26/2021,Aeschliman,6,1,9,1,,,,,,,,,5,,,,,,,,,,,,,,,,,,,,,,,,,,,,,,,,,,,,,,,,,1,1,,1,2,,,,,,,,,,,,,,,,,
6/16/2021,Aeschliman,1,2,75,,,7,,,,,,,3,,,,,,,,,,,,,,,,,,,,,,,,,,1,,,,,,,,,,,,,,,,,,,2,1,,,,,,,,,,,,,,,,
6/16/2021,Aeschliman,2,2,27,,,6,,,,1,,,2,,,,,2,,,,,,,,,,,,,,,,,,,,1,,1,,,,,,,,,,,,,,,,,,4,,,,,,,,,,,,,,,,,
6/16/2021,Aeschliman,3,2,82,,,,,,,,,,11,,,,,15,,,,,,,,,,,,,,,,,,,,,,,,,,,,,,,,,,,,,,,,7,,,,,,,,,,,,,,,,,
6/16/2021,Aeschliman,4,2,3,,,8,,,,,,,38,,,,,,,,,,,,,1,,,,,,1,,,,1,1,,,,,,,,,,,,,,,,,,,,,14,1,,,,,,,,,,,,,,,,
6/16/2021,Aeschliman,5,2,1,1,,9,,,,,,,5,,,,,,,,,,,,1,,,,,,,,,,,,,,1,,,,,,,,,,,,,,,,,,1,2,,,,,,,,,,,,,,,,,
6/16/2021,Aeschliman,6,2,9,,,,,,,,,,2,,,,,1,,,,,,,,,,,,,,,,,,,,,,1,,,,,,,,,,,,,,,,,,2,3,,,,,,,,,,,,,,,,
7/7/2021,Aeschliman,1,3,,,,,,,,,,,,,,,,,,,,,,,,,,,,,,,,,,,,,,,,,,,,,,,,,,,,,,,,,,,,,,,,,,,,,,,,,
7/7/2021,Aeschliman,2,3,1,2,,5,,,,,,,20,,,,,,,,2,1,,,,,,,,,,,,,,,,,6,,,,,,,,,,,,,,,,,,1,,,,,,,,,,,,,,,,,,
7/7/2021,Aeschliman,3,3,,1,,4,,,1,4,,,17,,,7,1,,,,,,,,,,,,,,,,,,1,,,,,,,,,,,,,,,,,,,,,,,,,,,,,,,,,,,,,,,,
7/7/2021,Aeschliman,4,3,,,1,4,,,,1,1,,38,,,,1,,,,,1,1,,,,,,,,,1,,,4,,,,,,,,,,,,,,,,,,,,,,,,,,,,,,,,,,,,,,,,
7/7/2021,Aeschliman,5,3,,1,,5,,,,3,1,,12,,,,,,,,,,,,,,,,,,,,,,2,,,,,1,,,3,,,,,,,,,,,,,,,1,,,,,,,1,,,,,,,,,,
7/7/2021,Aeschliman,6,3,,1,,11,,,,,1,,12,,,,,,,,,,,,,,,,,,,,,,,,,,,,,,,,,,,,,,,,,,,,,2,,,,,,,,,,,,,,,,,
5/24/2021,Anatone,1,1,,,,,,,,,,,8,,,,,,,,,,,1,,,,,,,,,,,,,,,,,,,,,,,,,,,,,,,,,,,,,,,,,,,,,,,,,,,
5/24/2021,Anatone,2,1,1,,,,,,,,,,4,,,,,,,,,,,,,,,,,,,,,,,,,,,,,,,,,,,,,,,,,,,,,,,,,,,,,,,,,,,,,,
5/24/2021,Anatone,3,1,,,,,,,,,,,2,,,,,,,,,,,,,,,,,,,,,,,,,,,,,,,,,,,,,,,,,,,,,,,,,,,,,,,,,,,,,,
5/24/2021,Anatone,4,1,,,,,,,,,,,5,,,,,,,,,,,,,,,,,,,,,,,,,,,,,,,,,,,,,,,,,,,,,,,,,,,,,,,,,,,,,,
5/24/2021,Anatone,5,1,3,,,,,,,,,,21,,,,,2,,,,,,,,,,,,,,,,,,,,,,,,,,,,,,,,,,,,,,,,,,,,,,,,,,,,,,,,,
5/24/2021,Anatone,6,1,,,,,,,,,,,4,,,,,,,,,,,,,,,,,,,,,,,,,,,,,,,,,,,,,,,,,,,,,,,,,,,,,,,,,,,,,,
6/14/2021,Anatone,1,2,,,,,,,,1,,,8,,,,,1,,,,,,,,,,,,,,,,,,2,,,,,,,,,,,,,,,,,,,,,,,,,,,,,,,,,,,,,,,
6/14/2021,Anatone,2,2,3,,,,,,,,,,9,,,,,8,,,,1,,,,,,,,,,,,,,2,,,,,,,,,,,,,,,,,,,,,,,,,,,,,,,,,,,,,,,
6/14/2021,Anatone,3,2,2,,,,,,,,,,27,,,,,,,,,,,,,,,,,,,,,,,4,2,,,,,,,,,,,,,,,,,,,,,2,,,,,,,,,,,,,,,,,
6/14/2021,Anatone,4,2,1,,,,,,,,,,23,,,,,,,4,,,,,,,,,,,,,,,,4,1,,,,,,,,,,,,,,,,,,,,,,,,,,,,,,,,,,,,,,
6/14/2021,Anatone,5,2,3,1,,,,,,,,,23,,,,,6,,,,,,,,,,,,,,,,,,3,3,1,,,,,,,,,,,,,,,,,,,,,,,,,,,,,,,,,,,,,
6/14/2021,Anatone,6,2,,1,,,,,,,,,5,,,,,,,2,,,,,,,,,,,,,,,,23,2,,,,,,,,,,,,,,,,,,,,,,,,,,,,,,,,,,,,,,
5/10/2021,Asotin,1,1,3,,,,,,,,,,1,,,,,19,,,,,,,,,,,,,,,,,,,,,,,,,,,,,,,,,,,,,,,,,,,,,,,,,,,,,,,,,
5/10/2021,Asotin,2,1,1,,,,,,,,,,1,,,,,43,,,,,,,,,,,,,,,,,,,,,,,,,,,,,,,,,,,,,,,,,,,,,,,,,,,,,,,,,
5/10/2021,Asotin,3,1,2,1,,,,,,,,,17,,,,,5,1,,,,,,,,,,,,,,,,,,,,,,,,,2,,,,,,,,,,,,,,,,,,,,,,,,,,,,,,,
5/10/2021,Asotin,4,1,1,2,,,,,,,,,39,,,,,,,,,,,,,,,,,,,,,,,,,1,1,,,,,,,,2,,,,,,,,2,,,,,,,,,,,,,,,,,,,,
5/10/2021,Asotin,5,1,2,,,,,,,,,,21,,,,,,,,,,,,,,,,,,,,,,,,,2,,,,,,,,,,,,,,,,1,,,,,,,,,,,,,,,,,,,,,1
5/10/2021,Asotin,6,1,5,1,,,,,,,,,109,1,,,,8,,,,,,,,,,,,,,,,,,,,,,,,,,,,,,1,,,,,,,1,,,,1,,,,,,,,,,,,1,,,,
5/31/2021,Asotin,1,2,,2,1,,,,,,,,13,1,,,,43,,,,,,,,,,,,,,,,,,,,,,,,,,,,,,,,,,,,,,,,,,,,,,,,,,,,,,,,,1
5/31/2021,Asotin,2,2,,,,,,,,,,,5,,,,,37,,,,,,,,,,,,,,,,,,,,,,,,,,,,,,,,,,,,,,,,1,,,,,,,,,,,,,,,,,
5/31/2021,Asotin,3,2,,5,,,,,,1,,,8,3,,,,15,,,,,,,,,,,,,,,,,,1,,,,,,,,,,,,,,,,,,,,,,,,,,,,,,,,,,,,,,,
5/31/2021,Asotin,4,2,4,1,,,,,,,,,38,,,,,12,,,,,,,,,,,,,,,,,1,,,,,,,,,,,,,,,,,,,,1,,,1,1,2,,,,,,,,,,1,,,,,
5/31/2021,Asotin,5,2,5,2,,2,,,,,,,61,,,,,17,,,,,,,,,,,,,,,,,4,2,,,,,,,,,,,,,,,,,,,,,,1,,,,,,,,,,,,,,,,,
5/31/2021,Asotin,6,2,133,1,2,,,,,1,,,105,1,,,,91,,1,,1,,,,,,,,,,,,,,,,1,,,,,,1,,,,,,,,,,,1,,,3,2,,,,,,,,,,,,,,,,
6/21/2021,Asotin,1,3,,2,,3,,,,,,,5,,,1,,5,,,,,,,,,,,,,,,,,,,,,,,,,,,,,,,,,,,,,,,,,,,,,,,,,,,,,,,,,
6/21/2021,Asotin,2,3,1,,,,,,,1,,,14,,,,,38,,,,,,,1,,,,,,,,,,,1,,,,,,,,,,,,,,,,,,,,,,,,,,,,,,,,,,,,,,,
6/21/2021,Asotin,3,3,,11,,,,,,,,,14,1,,,,,,,,,1,,,,,,1,,,,,,,,,,,,,,,,,,,,,,,,,,,,,,,,,,,,,,,,,,,,,,
6/21/2021,Asotin,4,3,9,3,1,2,,,,2,1,,35,,,,,,,,,,,,,,,,,,,,,,3,,,,,,,,,,,,,,,,,,,,,,,6,1,,,,,,,,,,,,,,,,
6/21/2021,Asotin,5,3,65,8,3,3,,,,7,1,,103,6,,,,3,,,,,,,1,,,,,,,,,,,,1,,,,,,,,1,,,,,,,,,,,,,9,,,,,,,,,,,,,,,,,1
6/21/2021,Asotin,6,3,12,4,,,1,,,4,,,36,,,,,,,,,,,,1,,,,,,,,,,,,,,,,,,,,,,,,2,,,,,,1,,,2,,,,,,,,,,,,,,,,,
5/20/2021,Clark,1,1,8,,,10,,2,,,,,14,,,1,,1,,1,,,,,,,,,,,,,,,,,,,,,,,,,,,,,,,,,,,1,,,26,1,,,,,,,1,,,,,,,,,
5/20/2021,Clark,2,1,6,1,,,1,1,,,,,,,,,,,,,,,,,,,,,,,,,,,,,,,,,,,,2,,,,,,,,,,,,,,,,,,,,,,,3,,,,,,,,
5/20/2021,Clark,3,1,15,,,,,,,,,,8,5,,,,3,,,,,,,,,,,,,,,,,,,,,,,,,,,,,,,,,,,,1,1,,,2,,,,,,,,,,,,,,,,,
5/20/2021,Clark,4,1,6,,,,1,,,,,,4,1,,,,,,,,,,,,,,,,,,,,,,,,,,,,,,,,,,,,,,,,,,,,5,,,,,,,,,1,,,,,,,,
5/20/2021,Clark,5,1,7,,,,,,,,,,1,,,,,1,,,,,,,,,,,,,,,,,,,,,,,,,,,,,,3,,,,,,,,,,,,,,,,,,,1,,,,,,,,
5/20/2021,Clark,6,1,11,1,,,,,,,,,6,,,,,1,,,,,,,,,,,,,,,,,,,,,,,,,,,,,,,,,,,,1,,,,,,,,,,,,,,,,,,,,,
6/9/2021,Clark,1,2,75,,,,,,,,,,6,,,,,1,,1,,,,,,,,,,,,,,,5,,,,,,,,,,,,,,,,,,,,2,,,2,,,,,,,,,,,,,,,,,
6/9/2021,Clark,2,2,70,1,,,,,,,,,7,,,,,9,,,,,,,,1,,,,,,,,,2,,,,,,,,,,,,1,,,,,,,1,1,,,4,,,,,,,,,,,,,,,,,
6/9/2021,Clark,3,2,97,2,,14,,,,,,,39,,,,,,,,,,,,1,,,,,,,,,,,2,,1,,,1,,,,,,1,,,,,,,1,5,,,107,,,,,,,,,,,,,,,,,
6/9/2021,Clark,4,2,163,2,,38,,,,,,,15,5,,,,9,,,,,,,,,,,,,,,,,,2,,,,,,,,,,,1,2,,,,,,1,,,,290,,,,,,,,,,,,,,,,,
6/9/2021,Clark,5,2,25,1,,6,,,,,,,62,2,,,,5,,,,,,,,,,,,,,,,,,,,,,,,,,,,,,,,,,,,,1,,,46,,,,,,,,,,,,,,,,,
6/9/2021,Clark,6,2,58,,,4,,,,,,,7,1,,,,2,,,,,,,,,,,,,,,,,3,,,,,,,,,,,,,,,,,,,1,,,,14,,,,,,,,,,,,,,,,,
7/1/2021,Clark,1,3,20,4,,13,3,1,,,,,26,1,,,,30,,3,,,1,,,1,,,,,,,,,3,,2,1,,,,,,,,,,,,,,,,,,,,58,1,,,,,,,,,,,,,,,,
7/1/2021,Clark,2,3,13,2,,2,1,,,,,,6,,,,,64,,2,,1,,,,,,,,,,,,,36,,7,1,,,,,,,,,,,,,,,,,,,,9,2,,,,,,,,,,,,,,,,
7/1/2021,Clark,3,3,12,12,,47,,,1,,,,49,1,,,,77,,,,,1,,,,,,,,2,,,,5,3,1,,,,,,,,,,,,,,,,,,3,,,,2,,,,,,,,,,,,,,,,
7/1/2021,Clark,4,3,7,9,,20,,2,,,,,70,3,,1,,2,,,,,2,,,,,,,1,,,,,6,,,,,,,,,,,,,,,,,,,,,,,252,2,,,,,,,,,,,,,,,,
7/1/2021,Clark,5,3,4,4,,20,,,,,,,225,1,,,,1,,1,1,,,,,,,,,,,,,,,,,,,,,,,,,,,,,,,,,,,,,199,,,,,,,,,,,,,,,,,
7/1/2021,Clark,6,3,3,9,1,15,,,,,,,59,,,,,1,,2,,,,,,,,,,,,,,,,,,,,,,,,,,,,,,,,,,,,,,14,,,,,,,,,,,,,,,,,
5/11/2021,Erikson,1,1,,1,,,,,,,,,3,,,,,13,,,,,,,,,,,,,,,,,2,,,,,,,,,,,,,1,,,,,,,1,,,,,,,,,,,,,,,,,,,,
5/11/2021,Erikson,2,1,2,,,,,,,,,,5,,,,,2,,,,,,,,,,,,,,,,,,,,,,,,,,,,,,,,,,,,,,,,,,,,,,,,,,,,,,,,,
5/11/2021,Erikson,3,1,68,1,,,,,,,,,8,,,,,11,,,,,,,,,,,,,,,,,1,,,,10,,,,,,,,,,,,,,,,6,,,3,,,,,,,,,,,,,,,,,
5/11/2021,Erikson,4,1,106,,,2,,,,,,,9,,,,,12,,2,,,,,,,,,,,,1,,,,,,,34,,,,,,3,,,,,,,,,11,2,,,2,,,,,,,,,,,,,,,,,
5/11/2021,Erikson,5,1,1,,,,,,,,,,5,,,,,3,,,,,,,,,,,,,,,,,,,,,,,,,,,,,,,,,,,,,1,,,,,,,,,,,,,,,,,,,,
5/11/2021,Erikson,6,1,6,4,,1,1,,,,,,20,,,,,2,,,,,,,,,,,,,,1,,,,,,,1,,,,,,,,,,,,,,,,1,,,2,1,,,,,,,,,,,,,,,,
6/1/2021,Erikson,1,2,,1,,,,,,,,,1,,,,,1,,2,,,,,,,,,,,,,,,,8,,,,,,,,,,,,,,,,,,,,,,,2,,,,,,,,,,,,,,,,
6/1/2021,Erikson,2,2,2,,,,,,,,,,6,1,,,,,,1,,,,,,,,,,,,,,,2,,,,,,,,,,,,,,,,,,,,,,1,,,,,,,,,,,,,,,,,,
6/1/2021,Erikson,3,2,121,3,,,,2,,,,,31,,,,,67,,2,1,,,,7,2,,,,,,,,,,5,17,,,1,,,,,,,,,,,,,,1,13,,6,1,,,,,,,,,,,,,,,,,
6/1/2021,Erikson,4,2,,1,,,,,,,,,4,,,,,,,1,,,,,1,,,,,,,,,,,1,,,,1,,,,,,,,,,,,,,,,,,,,,,,,,,,,,,,,,,,
6/1/2021,Erikson,5,2,3,1,,,,,,,1,,,2,,,,1,,2,,,,,,,,,,,,,,,,,1,,,,,,,,,,,,,,,,,,,,,,,,,,,,,,,,,,,,,,
6/1/2021,Erikson,6,2,,1,,,,,,1,,,11,1,,,,7,,1,,,,,,,,,,,,,,,,,,,,,,,,,,,,,,,,,,,,,,1,,,,,,,,,,,,,,,,,
6/22/2021,Erikson,1,3,5,1,1,,,,,,,,9,,,,,,,3,,,,,,,,,,,,,,,,1,2,,,,,,,,,,,,,,,,,,,,,10,1,,,,,,,,,,,,,,,,
6/22/2021,Erikson,2,3,4,,,5,,,,,,,6,,,,,,,,,,,,,,,,,,,,,,,,,,,,,,,,,,,,,,,,,,,,,,,,,,,,,,,,,,,,,,
6/22/2021,Erikson,3,3,,4,,,,,,,,,2,,1,,,,,,,,,,,,,,,,,,,,2,,,2,,,,,,,,,,,,,,,,,,,,3,,,,,,,,,,,,,,,,,
6/22/2021,Erikson,4,3,5,2,,5,,,,,,,4,,,,,2,,,,,,,,,,,,,,,,,,,1,,,,,,,,,,,,,,,,,,,,,2,,,,,,,,,,,,,,,,,
6/22/2021,Erikson,5,3,,,,,,,,4,,,5,,,1,,,,,,,,,1,,,,,,,,,,,1,,,,,,,,,,,,,,,,,,,,,,2,,,,,,,,,,,,,,,,,
6/22/2021,Erikson,6,3,1,,,14,,,,,,,4,,,1,,2,,2,1,,,,,,,,,,,,,,,,,,,,,,,,,,,,,,,,,,,,,,,,,,,,,,,,,,,,,,
5/26/2021,Esser,1,1,23,,,,,,,,,,8,,,,,,,1,,,,,,,,,,,,,,,,,,,,,,,,,,,,,,,,,,,,22,,2,,,,,,,,,,,,,,,,,
5/26/2021,Esser,2,1,31,1,2,,,,,,,,1,,,,,,,,,,,,,,,,,,,1,,,,,,,,,,,,,,,,,,,,,,,2,3,,64,,,,,,,,,,,,,,,,,
5/26/2021,Esser,3,1,,1,,,,,,,,2,9,,,,,2,,,,,,,,,,,,,,,,,,,,,,1,,,,,,,,,,,,,,,,5,,9,4,,,,,,,,,,,,,,,,
5/26/2021,Esser,4,1,3,1,,,,,,,,,4,,,,,,,,,,,,,,,,,,,,,,,1,,,,1,,,,,,,,,,,,,,,,,,6,,,,,,,,,,,,,,,,,
5/26/2021,Esser,5,1,22,,,,,,,,,,13,,,,,,,,,,,,,,,,,,,,,,,,,,,,,,,,,,,,,,,,,,,1,,16,,,,,,,,,,,,,,,,,
5/26/2021,Esser,6,1,17,,,,,,,,,,3,,,,,,,,,,,,,,,,,,,,,,,,,,,,,,,,,,,,,,,,,,,,,49,,,,,,,,,,,,,,,,,
6/17/2021,Esser,1,2,4,,1,,,,,,,2,127,,,,,3,,,,,,,,,,,,,,,,,,,,1,,,,,,,,,,,,,,,,,,1,,2,,,,,,,,,,,,,,,,,
6/17/2021,Esser,2,2,5,2,,,,,,2,1,,11,2,,,,4,,,1,,,,,,,,,,,,,,,,,,,,,,,,,,,,,,,,,,,,,13,2,,,,,,,,,,,,,,,,
6/17/2021,Esser,3,2,7,1,1,,,,,,1,,92,,,,,3,,,,,,,,,,,,,,,,,,2,,,,5,,,,,,,,,,5,,,,,,1,,9,6,,,,,,,,,,,,,,,,
6/17/2021,Esser,4,2,11,1,4,,,3,,1,,,133,2,,,,7,,5,,,,,,,,,,,,,,,,1,,,,,,,,,,,,,,,,,,,,,,11,4,,,,,,,,,,,,,,,,
6/17/2021,Esser,5,2,41,,,,,2,,,,,5,,,,,7,,,,,,,,,2,,,,,,,,,3,,3,,,,,,,,,,,,,,,,,,1,,55,2,,,,,,,,,,,,,,,,
6/17/2021,Esser,6,2,20,,,,,,,,,,8,1,,,,,,,,,,,,,,,,,,,,,1,1,,,,,,,,,,,,,,,,,,,,1,,15,,,,,,,,,,,,,,,,,
7/8/2021,Esser,1,3,,5,,1,,,,,,,24,2,,,,,,1,,,,,,,,,,,,,,,,1,,,,,,,,,,,,,,,,,,,,,,5,9,,,,,,,,,,,,,,,,
7/8/2021,Esser,2,3,,3,,,,,,,,,49,,,3,,,,2,,1,,,,,,,,,,,,,,1,,,,,,,,,,,,,,,,,,,,,,65,3,,,,,,,,,,,,,,,,
7/8/2021,Esser,3,3,7,,2,6,,2,,,,,23,2,,,,1,,4,,2,,,,,,,,,,,,,,,,,,,,,,,,,,,,,,,,1,3,,,7,2,,,,,,,,,,,,,,,,
7/8/2021,Esser,4,3,8,23,,11,,,,,,,3,,,,,3,,1,,,,,,,,,,,,,,,,,,,,,,1,,,,,,,,,,,,,,,,5,1,,,,,,,,,,,,,,,,
7/8/2021,Esser,5,3,17,7,1,,,,,2,,,3,,,,,,,6,,1,1,,,,,,,,,1,,,,,,2,,,,,,,,,,,,,,,,,,,,12,1,,,,,,,,,,,,,,,,
7/8/2021,Esser,6,3,2,,1,3,,,,,,,10,,,,,1,,,,,,,,,,,,,,,,,,,,,,,,,,,,,,,,,,,,,,,,,,,,,,,,,,,,,,,,,
5/18/2021,Farmington,1,1,1,,,,,,,,,,,,,,,,,,,,,,,,,,,,,,,,,,,,,,,,,,,,,,,,,,,,,,,,,,,,,,,,,,,,,,,,
5/18/2021,Farmington,2,1,,,,,,,,,,,1,,,,,,,,,,,,,,,,,,,,,,,,,,,,,,,,,,,,,,,,,,,,,,1,,,,,,,,,,,,,,,,1
5/18/2021,Farmington,3,1,,,,,,,,,,,,,,,,,,1,,,,,,,,,,,,,,,,,,,,,,,,,,,,,,,,,,,,,,,,,,,,,,,,,,,,,,,
5/18/2021,Farmington,4,1,,,,,,,,,,,1,,,,,,,,,,,,,,,,,,,,,,,,,,,,,,,,,,,,,,,,,,,,,,,,,,,,,,,,,,,,,,
5/18/2021,Farmington,5,1,3,,,,,,,,,,,,,,,,,,,,,,,,,,,,,,,,,,,,,,,,,,,,,,,,,,,,,,,,,,,,,,,,,,,,,,,,
5/18/2021,Farmington,6,1,2,,,2,,,,,,,1,,,,,,,,,,,,,,,,,,,,,,,,,,,,,,,,,,,,,,,,,,,,,,,,,,,,,,,,,,,,,,
6/8/2021,Farmington,1,2,,,,,,,,,,,5,,,,,,,,,,,,,,,,,,,,,,,1,,1,,,,,,,,,,,,,,,,,1,,,13,,,,,,,,,,,,,,,,,
6/8/2021,Farmington,2,2,2,,,,,,,,,,,,,,,,,,,,,,,,,,,,,,,,,,,,,,,,,,,,,,,,,,,,,,,19,,,,,,,,,,,,,,,,,
6/8/2021,Farmington,3,2,,,,,,,,,,,,,,,,,,,,,,,,,,,,,,,,,,,,,,,,,,,,,,,,,,,,,,,,18,,,,,,,,,,,,,,,,,
6/8/2021,Farmington,4,2,2,2,,,,,,,,,,,,,,,,,,,,,,,,,,,,,,,,1,,,,,,,,,,,,,,,,,,,,,,47,3,,,,,,,,,,,,,,,,
6/8/2021,Farmington,5,2,7,,,,,,,,,,1,,,,,,,,,,,54,,,,,,,,,,,,1,,,,,,,,,,,,,,,,,,,,,,,,,,,,,,,,,,,,,,,
6/8/2021,Farmington,6,2,2,,,,,,,,,,1,,,,,,,,,,,7,,,,,,,,,,,1,,,,,,,,,,,,,,,,,,,,,,,3,,,,,,,,,,,,,,,,,
6/29/2021,Farmington,1,3,12,4,,271,,,,,,,19,2,,,,1,,,,,,1,,,,,,3,,,,,2,,,,,1,,,1,,,,,,,,,,,,,,,160,4,,,,,,,,,,,,,,,,
6/29/2021,Farmington,2,3,,4,,200,,,,,5,,60,1,,,,,,,1,1,1,,,,,,,,,,,,1,,,,,,,,,,,,,,,,,,,,,,,107,,,,,,,,,,,,,,,,,
6/29/2021,Farmington,3,3,10,2,,300,,2,,1,,,3,17,,,,,,1,,,,,,,,,,,,,,,5,,4,1,,,,,,,,,,,,,,,,,2,,,14,,,,,,,,,,,,,,,,,
6/29/2021,Farmington,4,3,11,,,500,,,,,,,16,1,,,,2,,,2,,,1,,,,,,,,,,,5,2,,,,,,,,,,,,,,,,,,1,2,,,173,1,,,,,,,,,,,,,,,,
6/29/2021,Farmington,5,3,7,1,1,88,,,,,,,14,2,,,,,,1,,2,,,1,1,,,,,,,,,6,5,,,,,,,,,,,,,,,,,,,,,,38,1,,,,,,,,,,,,,,,,
6/29/2021,Farmington,6,3,29,,1,150,,,,,,,25,2,,,,3,,,1,,,,,,,,,,,,,,,10,,1,,,,,,,,,,,,,,,,,1,,,24,1,,,,,,,,,,,,,,,,
5/10/2021,Greene,1,1,11,,,,,,,,,,89,,,,,1,,,,,,2,,,,,,,,,,,1,,,,,,,,,,,,,,,,,,,,,,,1,,,,,,,,,,,,,,,,,
5/10/2021,Greene,2,1,3,,,,,,,,,,17,1,,,,7,,,,,,1,,,,,,,,,,,,,,1,,,,,,,,,,,,,,,,,,,,,1,,,,,,,,,,,,,,,,
5/10/2021,Greene,3,1,,,,,,,,,,,8,,,,,6,,,,,,,,,,,,,,,,,,,,,,,,,,,,,,,,,,,,1,,,,,,,,,,,,,,,,,,,,,
5/10/2021,Greene,4,1,8,2,,,,,,3,,,79,,,,,6,,,,,,2,,,,,,,,,,,,,,1,1,,,,,1,,,,,,,,,,,1,,,5,1,,,,,,,,,,,,,,,,
5/10/2021,Greene,5,1,3,,,,,,,,,,15,,,,,13,,,,,,4,,,,,,,,,,,,,,,,,,,,,,,,,,,,,,,,,,,,,,,,,,,,,,,,,,,
5/10/2021,Greene,6,1,1,1,1,,,,,,,,25,,,,,12,,,,,,17,,,,,,,,,,,,,,,,,,,,,,,,,,,,,,,,,,1,2,,,,,,,,,,,,,,,,
5/31/2021,Greene,1,2,1,2,,,,,,,,,17,1,,,,3,,,,,,2,,,,,,,,1,,,1,1,,,,,,,,,,,,,,,,,,,,,,,,,,,,,,,,,,,,,,,
5/31/2021,Greene,2,2,12,1,,,,,,2,,,31,,,,,11,,,,,,,,,,,,,,,,,,1,,,,1,,,,,,,,,,,,,,1,,1,1,15,,,,,,,,,,,,,,,,,
5/31/2021,Greene,3,2,1,,,,,,,1,,,8,,,,,10,1,,,,,,,,,,,,,,,,,1,,2,,,,,,,,,,,,,,,,,,,,1,,,,,,,,,,,,,,,,,
5/31/2021,Greene,4,2,2,,,,,,,,,,18,,,,,21,,,,,,,,,,,,,,,,,,2,,,,,,,,,,,,,,,,,,,1,,,1,,,,,,,,,,,,,,,,,
5/31/2021,Greene,5,2,,,,,,,,2,,,8,,,,,9,,,,,,,,,,,,,,,,,,1,,,,,,,,,,,,,,,,,,,,,,1,,,,,,,,,,,,,,,,,
5/31/2021,Greene,6,2,1,,,,,,,7,,,14,,,,,5,,,,,,,1,,,,,,,,,,,2,,,,,,,,,,,,,,,,,,,,,,,,,,,,,,,,,,,,,,,
6/21/2021,Greene,1,3,1,3,,23,,,,1,,,22,,,,,,,,,,,,,,,,,,,,,,,,2,,,,,,,,,,,,,,,,,1,,,,7,2,,,,,,,,,,,,,,,,
6/21/2021,Greene,2,3,4,2,,27,,,,,,,46,,1,,,1,,,1,,1,,1,,,,,,,,,1,,13,12,,2,,,,,,,,,,,,,,,,,,,2,,,,,,,,,,,,,,,,,
6/21/2021,Greene,3,3,,,,,,,,,,,2,,,,,8,,,,,,,,,,,,,,,,,,1,,,,,,,,,,,,,,,,,,,,,,,,,,,,,,,,,,,,,,,
6/21/2021,Greene,4,3,,,,,,,,1,,,,,,,,6,,,,,,,,,,,,,,,,,7,1,,,,,,,,,,,,,,,,,,,,,,,,,,,,,,,,,,,,,,,
6/21/2021,Greene,5,3,,,,,,,,,,,9,2,,,,8,,,,1,,,,,,,,,,,,,,2,,,,,,,,,,,,,,,,,,,,,,3,1,,,,,,2,,,,,,,,,,
6/21/2021,Greene,6,3,,1,,,,,,,,,3,,,,,6,,,,,,,,,,,,,,,,,,,,,,,,,,,,,,,,,,,,,,,,1,,,,,,,,,,,,,,,,,
5/12/2021,Hagen-Z,1,1,14,,,,,,1,,,,46,,,,,2,,,,,,,,,,,,,,,,,,,,,,,,,,,,,,,,,,,,,,,,,1,,,,,,,,,,,,,,,,
5/12/2021,Hagen-Z,2,1,4,,,1,,,,,,,20,,,,,7,,,,,,,,,,,,,,,,,,,,,,,,,,,,,,,,,,,,,,,,,,,,,,,,,,,,,,,,,
5/12/2021,Hagen-Z,3,1,12,,,,,,,,,,11,,,,,,,,,,,,,,,,,,,,,,,,,,,,,,,,,,,,,,,,,,,,,,,,,,,,,,,,,,,,,,
5/12/2021,Hagen-Z,4,1,32,1,,,,,,,,,4,,,,,,,,,,,,,,,,,,,,,,,,,,1,,,,,,,,,,,,,,,1,,,,,,,,,,,,,,,,,,,,,
5/12/2021,Hagen-Z,5,1,7,,,,,,,,,,19,,,,,4,,,,,,,,,,,,,,,,,,,,,,1,,,,,,,,,,,,,,,1,,,,,,,,,,,,,,,,,,,,
5/12/2021,Hagen-Z,6,1,36,,,1,,,,,,,144,1,,,,3,,,,,,,,,,,,,,,,,,,,,,,,,,,,,,,,,,,,,1,,,,,,,,,,,,,,,,,,,,
6/1/2021,Hagen-Z,1,2,4,1,,,,,,,,,56,,,,,3,,,,,,,,,,,,,,,,,,,,3,,4,,,,,,,,,,,,,,,,,,3,,,,,,,,,,,,,,,,,
6/1/2021,Hagen-Z,2,2,4,,,,,,,,,,163,,,,,4,,,,,,,,,,,,,,,,,,,,2,,,,,,,,,,,,,,,,,,,,4,,,,,,,,,,,,,,,,,
6/1/2021,Hagen-Z,3,2,31,1,,,,,,,1,,146,,,,,13,,,,,,,,,,,,,,,,,,1,,7,,,,,,,,,,,,,,,,,,,,1,1,,,,,,,,,,,,,,,,
6/1/2021,Hagen-Z,4,2,15,1,,,,,,,,,98,,,,,7,,,,,,,,,,,,,,,,,,,,5,,,,,,,,,,,,,,,,,,,,4,,,,,,,,,,,,,,,,,
6/1/2021,Hagen-Z,5,2,188,,,,,,,,,,13,,,,,53,,,,,,,,,,,,,,,,,,3,,11,,,,,,3,,,,,,,,,,,1,,,,,,,,,,,,,,,,,,,,
6/1/2021,Hagen-Z,6,2,76,,,,,,,1,,,81,,,,,35,,,,,,,,,,,,,,,,,,5,,6,,,,,,,,,,,,,,,,1,1,,,3,,,,,1,,,,,,,,,,,,
6/22/2021,Hagen-Z,1,3,14,,1,,,,,2,,,420,,,,,2,,,,,,,,,,,,,,,,,,4,,,,,,,,,,,,,,,,,,,,,,27,,,,,,,,,,,,,,,,,
6/22/2021,Hagen-Z,2,3,7,,,,,,,3,,,207,,,,,3,,,,,,,,,,,,,,,,,,2,,,,,,,,,,,,,,,,,,,,,,52,,,,,,,,,,,,,,,,,
6/22/2021,Hagen-Z,3,3,,,1,,,,,,,,512,,,,,,,,,,,,,,,,,,,,,,1,,,,,,,,,,,,,,,,,,,,,,,7,,,,,,,,,,,,,,,,,
6/22/2021,Hagen-Z,4,3,5,1,14,26,,1,,,1,,183,1,,,,19,,1,,,,,,,,,,,,2,,,,1,,,,,,,,,,,,,,,,,,,1,,,545,1,,,,,,,,,,,,,,,,
6/22/2021,Hagen-Z,5,3,1,,,,,,,1,,,271,,,,,,,,,,,,,,,,,,,,,,1,,,,,,,,,,,,,,,,,,,,,,,24,,,,,,,,,,,,,,,,,
6/22/2021,Hagen-Z,6,3,2,1,,,,,,1,1,,368,,,,,,,4,,,1,,,,,,,,,,,,,,,,,,,,,,,,,,,,,,,,,,,114,3,,,,,,,,,,,,,,,,
5/24/2021,Hells Gate,1,1,1,,,,,,,,,,1,,,,,,,,,,,,,,,,,,,,,,,,,,,,,,,,,,,,,,,,,1,,,,1,,,,,,,,,,,,,,,,,
5/24/2021,Hells Gate,2,1,6,,,,,,,,,,,,,,,,,,,,,,,,,,,,,,,,,,,,,,,,,,,,,,,,,,,,1,,,1,,,,,,,,,,,,,,,,,
5/24/2021,Hells Gate,3,1,,,,,,,,,,,,,,,,,,,,,,,1,,,,,,,,,,,2,,,,,,,,,,,,,,,,,,,,,,1,,,,,,,,,,,,,,,,,
5/24/2021,Hells Gate,4,1,,1,,,,,,,,,,,,,,,,,,,,,,,,,,,,,,,,,,,,,,,,,,,,,,,,,,,,,,,,,,,,,,,,,,,,,,,
5/24/2021,Hells Gate,5,1,4,,1,,,,,,,,1,,,,,3,,,,,,,,,,,,,,,,,,,,1,,,,,,,,,,,,,,,,,,,,2,,,,,,,,,,,,,,,,,
5/24/2021,Hells Gate,6,1,20,3,1,,,,,,,,13,,,,,8,,,,,,,,,,,,,,,,,,,,1,,,,,,,,,,,,,,,,,1,,,1,,,,,,,,,,,,,,,,,
6/14/2021,Hells Gate,1,2,1,5,,,,,,1,,,,,,,,,,,,,,,,,,,,,,,1,,,,,,,,,,,,,,,,,,,,,,,,,,,,,,,,,,,,,,,,,,
6/14/2021,Hells Gate,2,2,,4,,,1,,,,,,,,,,,,,,,,,,,,,,,,,,,,,,,,,,,,,,,,,,,,,,,,,,,1,,,,,,,,,,,,,,,,,
6/14/2021,Hells Gate,3,2,,3,,,,,,1,,,1,,,,,,,,,,1,,,,,,,,,,,,,7,,,,,,,,,,,,,,,,,,,,,,,,,,,,,,,,,,,,,,,
6/14/2021,Hells Gate,4,2,,1,,,,,,4,,,,,,,,9,,,,,,,1,,,,,,,,,,,,,,1,,,,,,,,,,,,,,,,,,,,,,,,,,,,,,,,,,,,
6/14/2021,Hells Gate,5,2,6,1,1,,,,,1,,,6,,,,,,,,,,,,,,,,,,,,,,,,2,,,,,,,,,,,,,,,,,,,,,1,,,,,,,,,,,,,,,,,
6/14/2021,Hells Gate,6,2,2,2,,,,,,3,,,4,,,,,,,,,,1,,,,,,,,,,,,,1,,,,,,,,,,,,,,,,,,,,,,8,,,,,,,,,,,,,,,,,
5/12/2021,Idler,1,1,4,,,,,,,,,,3,1,,,,,,,,,,,,,,,,,,,,,,,,,,,,,,,1,,,,,,,,,,,,,,,,,,,,,,,,,,,,,,
5/12/2021,Idler,2,1,4,1,,,,,,,,,1,8,,,,,,,,,,,,,,,,,,,,,,,,,,,,,,,,,,,,,,,,,,,,1,,,,,,,,,,,,,,,,,
5/12/2021,Idler,3,1,5,3,,7,,,,,,,4,1,,,,1,,,,,,,,,,,,,,,,,,,,,,,,,,,,,,1,,,,,,,,,,,,,,,,,,,,,,,,,,,
5/12/2021,Idler,4,1,12,1,,,,,,,,,4,1,,,,,,,,,,,,,,,,,,,,,,,,,,,,,,,,,,,,,,,,,,,,1,,,,,,,,,,,,,,,,,
5/12/2021,Idler,5,1,6,1,,,,,,,,,1,,,,,,,,,,,,,,,,,,,,,,,,,,,,,,,,,,,,,,,,,,1,,,1,,,,,,,,,,,,,,,,,
5/12/2021,Idler,6,1,1,,,,,,,,,,10,4,,,,3,,,,,,,,,,,,,,1,,,,,,,,,,,,,,,,,,,,,,,,,,,,,,,,,,,,,,,,,,,
6/2/2021,Idler,1,2,3,2,,,,,,,,,21,2,,,,,,,,,,,,,,,,,,,,,,,,3,,,,,,,,,,1,,,,,,,1,,,2,,,,,,,,,,,,,,,,,
6/2/2021,Idler,2,2,,1,,,,,,,,,,,,,,,,,,,,,,,,,,,,,,,,,,,,,,,,,,,,,,,,,,,,,,4,1,,,,,,,,,,,,,,,,
6/2/2021,Idler,3,2,2,2,,,,,,,,,19,,,,,,,,,,,,,,,,,,,,,,,,,1,,,,,,,,,,,,,,,,,,,,,2,,,,,,,,,,,,,,,,
6/2/2021,Idler,4,2,,3,,,,,,,,,6,,,,,,,,,,,,,,,,,,,,,,,,,,,,,,,,,,,,,,,,,,,,,,,,,,,,,,,,,,,,,,
6/2/2021,Idler,5,2,,,,,,,,,,,20,,,,,,,1,,,,,,,,,,,,,,,,,,,,,,,,,,,,,,,,,,,,,,4,1,,,,,,,,,,,,,,,,
6/2/2021,Idler,6,2,,1,,,,,,,,,32,5,,,,16,,,,,,,,,,,,,,,,,,,,1,,,,,,,,,,,,,,,,,,,,6,,,,,,,,,,,,,,,,,
6/23/2021,Idler,1,3,151,2,,,,,,,,,13,1,,,,15,,,,,,,,,,,,,,,,,,,,2,,,,,,,,,,,,,,,,,,,,8,2,,,,,,,,,,,,,,,,
6/23/2021,Idler,2,3,5,1,1,3,,,,,,,22,,,1,,1,,,,,,,,,,,,,,,,,,,,,,,,,,,,,,,,,,,,,,,,1,8,,,,,,,,,,,,,,,,
6/23/2021,Idler,3,3,36,1,,,,,,,,,9,,,,,9,,,,,,,,,,,,,,,,,,,1,,,,,,,,,,,,,,,,,,,,,18,,,,,,,,,,,,,,,,,
6/23/2021,Idler,4,3,29,,,,,,,,,,13,,,,,,,,,,,,,,,,,,,,,,6,,,,,,,,,,,,,,,,,,,,,,,2,1,,,,,,,,,,,,,,,,
6/23/2021,Idler,5,3,,5,,,,,,,,,18,10,,,,13,,,,,,,,,,,,,,,,,2,,,,,,,,,,,,,,,,,,,,,,,1,1,,,,,,,,,,,,,,,1,
6/23/2021,Idler,6,3,63,3,,,,1,,,,,3,3,,5,,20,,,,,,,,,,,,,,,,,,,1,,,,,,,,,,,,,,,,,,1,,,2,3,,,,,,,,,,,,,,,,
5/25/2021,JW trail,1,1,8,1,,,,,,,,,1,,,,,,,,,,,,,,,,,,,,,,,,,,,,,,,,,,,,,,,,,1,,1,,,,,,,,,,,1,,,,,,,,
5/25/2021,JW trail,2,1,2,,,,,1,,,,,3,,,,,,,,,,,,,,,,,,,,,,,,,,,,,,,,,,,,,,,,,1,,1,,12,,,,,,,,,,,,,,,,,
5/25/2021,JW trail,3,1,11,1,,,,,,,,,7,,,,,,,,,,,,,,,,,,,,,,,,,,,,,,,,,,,,,,,,,,1,,,2,,,,,,,,,,,,,,,,,
5/25/2021,JW trail,4,1,7,3,,,,,,,,,,,,,,,,,,,,,,,,,,,,,,,,1,,,,,,,,,,,,,,,,,,,,,,12,,,,,,,,,,,,,,,,,
5/25/2021,JW trail,5,1,5,1,,,,,,,,,1,,,,,,,,,,,,,,,,,,,,,,,,,,,,,,,,,,,,,,,,,,,,,3,,,,,,,,,,,,,,,,,
5/25/2021,JW trail,6,1,8,1,,,,,,,,,1,,,,,,,,,,,,,,,,,,,,,,,,,,,,,,,,,,,,,,,,,,,,,,,,,,,,,,,,,,,,,,
6/15/2021,JW trail,1,2,2,2,,,,,,,,,6,,,4,,,,,,,,,,,,,,,,,,,,,,,,1,,,,,,,,,,,,,,,,,,,3,,,,,,,,,,,,,,,,
6/15/2021,JW trail,2,2,1,,,,,,,,,,69,,,2,,,,,,,,,,,,,,,,,,,,,,2,,,,,,,,,,,,,,,,,,,,,8,,,,,,,,,,,,,,,,
6/15/2021,JW trail,3,2,1,,,,,,,,,,5,,1,2,,,,,,,,,,,,,,,,,,,,,,,,,,,,,,,,,,,,,,,,,,,5,,,,,,,,,,,,,,,,
6/15/2021,JW trail,4,2,3,,,3,,,,1,,,38,,,,,1,,,,,,,,,,,,,,,,,,,,,,,,,,,,,,,,,,,,,,,,1,,,,,,,,,,,,,,,,,
6/15/2021,JW trail,5,2,4,,,,,,,,,,12,,,,,,,,,,,,,,,,,,,,,,,1,,,,,,,,,,,,,,,,,,,,,,,1,,,,,,,,,,,,,,,,
6/15/2021,JW trail,6,2,11,,,2,,,,,,,15,,,,,1,,,,,,,,,,,,,,,,,,,,,,,,,,,,,,,,,,,,,,,1,29,,,,,,,,,,,,,,,,,
7/7/2021,JW trail,1,3,1,2,,,,,,1,,,7,,,,,,,,,,,,,,,,,,,,,,1,,,,,,,,,,,,,,,,,,,,,,,2,2,,,,,,,,,,,,,,,,
7/7/2021,JW trail,2,3,5,4,,16,1,,,,,,140,,,2,,,,,,,,1,,,,,,,,,,,,,,,,1,,,,,,,,,,,,,,,,,,,,,,,,,,,,,,,,,,,
7/7/2021,JW trail,3,3,1,1,,5,,,,,,,8,,,2,,,,,,,,,,,,,,,,,,,1,,,,,,,,,,,,,,,,,,,,,,,2,,,,,,,,,,,,,,,,,
7/7/2021,JW trail,4,3,1,2,,37,,,,1,,,106,3,,6,,2,,,,,,,,,,,,,,,,,,,,,,,,,,,,,,,,,,,,,1,,,17,,,,,,,1,,,,,,,,,,
7/7/2021,JW trail,5,3,,1,,,,,,1,,,44,2,,1,,1,,,,,,,,,,,,,,,,,,,,,,,,,,,,,,,,,,,,,,,,4,6,,,,,,,,,,,,,,,,
7/7/2021,JW trail,6,3,2,2,,,,,,,,,11,,,,,,,,,,,,,,,,,,,,,,,3,,,,,,,,,,,,,,,,,,,,,,5,,,,,,,,,,,,,,,,,
5/26/2021,Kambitsch,1,1,1,,,,1,,,,,,2,,,,,12,,,1,,,,,,,,,,,,,,,,,1,,,,,,,,,,,,,,,,,,,,,,,,,,,,,,,,,,,,,
5/26/2021,Kambitsch,2,1,4,,,,1,,,,,,7,,,,,1,,,,,,,,,,,,,,,,,,,,,,,,,,,,,,,,,,,,,,,,,,,,,,,,,,,,,,,,,
5/26/2021,Kambitsch,3,1,5,,,,,,,,,,7,,,,,8,,,,,,,,,,,,,,,,,,,,,1,,,,,,,,,,,,,,,,,,,1,1,,,,,,,,,,,,,,,,
5/26/2021,Kambitsch,4,1,5,1,,,1,,,,,,6,,,,,16,,,,,,,,,,,,,,,,,,,,,,,,,,,,,,,,,,,,,,,,5,,,,,,,,,,,,,,,,,
5/26/2021,Kambitsch,5,1,11,,,,,,,,,,19,,,,,2,,,,,,,,,,,,,,,,,,,,1,,,,,,,,,,,,,,,,,,,,4,,,,,,,,,,,,,,,,,
5/26/2021,Kambitsch,6,1,34,,,1,,,,,,,24,,,,,2,,,,,,,,,,,,,,,,,,,,1,,,,,,,,,,,,,,,,,,,,7,,,,,,,,,,,,,,,,,
6/16/2021,Kambitsch,1,2,6,2,2,,,,,,,,60,,,,,5,1,,1,,,,,,,,,,,,,,,,,,,,,,,,,,,,,,,,,,,,,155,,,,,,,,,,,,,,,,,
6/16/2021,Kambitsch,2,2,3,1,1,3,,,,,,,57,,,,,1,,,,,,,,,,,,,,,,,,,,,,,,,,,,,,,,,,,,,,,,34,,,,,,,,,,,,,,,,,
6/16/2021,Kambitsch,3,2,3,2,,4,,,,2,,,93,,,,,8,,,,,,,,,,,,,,,,,,1,,,,,,,,,1,,,,,,,,,,,,,140,,,,,,,,,,,,,,,,,
6/16/2021,Kambitsch,4,2,,3,,3,,,,,,,35,,,,,9,,,,2,,,,,,,,,,,,,,,,,,,,,,,,,,3,,,,,,,,,,205,3,,,,,,,,,,,,,,,,
6/16/2021,Kambitsch,5,2,6,,,,1,,,1,,,16,,,,,,,,4,,,,,,,,,,,,,,1,5,,,,,,,,,,,,,,,,,,,,,,134,,,,,,,,,,,,,,,,,
6/16/2021,Kambitsch,6,2,18,,1,,,,,,,,5,,,2,,5,1,,,,,,,,,,,,,,,,,4,,,,,,,,,,,,,,,,,,,,,,177,,,,,,,,,,,,,,,,,
7/8/2021,Kambitsch,1,3,,4,,,,,,,,,28,,,,,,,,,,,,,,,,,,,,,,,,,,,,,,,,,,,,,,,,,,,,,,,,,,,,,,,,,,,,,,
7/8/2021,Kambitsch,2,3,,4,,10,,,,1,,,47,,,,,,,1,,,,,,,,,1,,,,,,,,,,,,,,,,,,,,,,,,,,,,,,,,,,,,,,,,,,,,,,
7/8/2021,Kambitsch,3,3,,4,,7,,,,2,,,85,,,,,2,,,,,,,,,,,,,,,,,,,,,,,,,,,,,,,,,,,,,,,,6,1,,,,,,,,,,,,,,,,
7/8/2021,Kambitsch,4,3,,,,1,,,,,,,4,1,,,,,,1,,,1,,,,,,,,,,,,,,,,,1,,,,,,,,,,,,,,,,,,,,,,,,,,,,,,,,,,,
7/8/2021,Kambitsch,5,3,14,,,33,,,,,,,60,4,,,,1,,1,,1,,,,1,,,,,,,,,,,,,,1,,,,,,,,,,,,,,,,,,23,,,,,,,,,,,,,,,,,
7/8/2021,Kambitsch,6,3,,,,12,,,,5,,,36,,,,,,,,,,,,,,,,,,,,,,,,,,,,,,,,,,,,,,,,,,,,,7,,,,,,,,,,,,,,,,,
5/18/2021,Laird,1,1,6,1,,18,,,,,,,15,,,,,6,,,,,,,,,,,,,,,,,,,,,,,,,,,,,,,,,,,,,,,,,,,,,,,,,,,,,,,,,
5/18/2021,Laird,2,1,7,4,,,,,,1,,,11,,,,,1,,,,,,,,,,1,,,,,,,,,,,,,,,,,,,,,,,,,,,,,,,,,,,,,,,,,,,,1,,,
5/18/2021,Laird,3,1,1,2,,,,,,3,,,12,,,,,1,,,,,,,,,,,,,,,,,,,,,,,,,,,,,,,,,,,,,,,,,1,,,,,,,,,,,,,,,,
5/18/2021,Laird,4,1,4,2,,,,,,2,,,12,,,,,,,,,,,,,,,,,,,,,,,,,,,,,,,,,,,,,,,,,1,,,,1,,,,,,,,,,,,,,,,,
5/18/2021,Laird,5,1,4,,,,,,,,,,10,,,,,5,,,,,,,,,,,,,,,,,,,,,1,,,,,,,,,,,,,,,,,,,,,,,,,1,,,1,,,,,,,,
5/18/2021,Laird,6,1,2,1,,,,,,1,,,6,,,,,,,,,,,,,,,,,,,,,,,,,,,,,,,,,,,,,,,,,,,,,,1,,,,,,,,,,,,,,,,
6/8/2021,Laird,1,2,2,3,,,,,,,,,7,,,,,2,,1,,,,,1,,,,,,,,,,,,,,,,,,,,,,,,,,,,,,,1,,,1,,,,,,,,,,,,,,,,
6/8/2021,Laird,2,2,9,,1,,,,,,,,12,,,,,9,,,,,,,,,,,,,,,,,,,,,,,,,,,,,,,,,,,,,,,,3,1,,,,,,,,,,,,,,,,
6/8/2021,Laird,3,2,,4,,,,,,,,1,,,,,,1,,,,1,,,,,,,,,,,,,,,,,,,,,,,,,,,,,,,,,,,,,,,,,,,,,,,,,,,,,
6/8/2021,Laird,4,2,3,2,,,,,,1,,,5,,,,,,,,,,,,,,,,,,,,,,2,,,,,,,,,,,,,,,,,,,,,,,1,,,,,,,,,,,,,,,,,
6/8/2021,Laird,5,2,5,2,1,2,,,,,,,3,,,,,2,,,1,1,,,1,,,,,,,,,,,,8,,1,,,,,6,,,,,,,,,,,,,,129,,,,,,,,,,,,,,,,,
6/8/2021,Laird,6,2,3,,,,,,,,,,5,,,,,,,1,1,,,,,,,,,,,,,,10,,,,,1,,,,,,,,,,,,,,,,,,3,,,,,,,,,,,,,,,,,
6/29/2021,Laird,1,3,15,2,1,18,,,,1,,,180,,,1,,2,,,1,3,,,,,1,,,,,,,,,1,,,,,,,,,,,,,,,,,,,1,,,50,2,,,,,,,,,,,,,,,,
6/29/2021,Laird,2,3,5,1,,6,,,,2,,,440,1,,2,,2,,1,,,1,,,,,,,,,,,,,,,,1,1,,,,,,,,,,,,,,,,,,12,,4,,,,,,,,,,,,,,,
6/29/2021,Laird,3,3,1,1,,12,,,,,,,131,,,1,,1,,2,,1,,,,,,,,,,2,,,5,,,,,,,,,1,,,,,,,,,,,,,,6,,,,,,,,,,,,,,,,,1
6/29/2021,Laird,4,3,15,,1,,,,,,,,43,4,,17,,17,,,,,1,,,,,,,,,,,,4,,,,,6,,,,,,1,,,,,,,,,,,,14,,,,,,,,,,,,,,,,,
6/29/2021,Laird,5,3,,2,,,,,,3,,,75,5,,,1,,,2,,1,,,,,,,,,,1,,,78,,,,,4,,,,,,,,,,,,,,,,,,,,,,,,,,,,,,,,,2,,
6/29/2021,Laird,6,3,,9,1,32,,,,2,,,751,1,,9,1,3,,5,,,1,,,,,,,,,17,,,,,,,,1,,,,,,,,,,,,,,,,,,2,,,,,,,,,,,,,,,,,
5/19/2021,Magpie,1,1,1,,,,,,,,,,4,,,,,,,,,,,,,,,,,,,,,,,,,,,,,,,,,,,,,,,,,,,,,,,,,,,,,,,,,,,,,,
5/19/2021,Magpie,2,1,,,,,,,,,,,4,,,,,1,,,,,,,,,,,,,,,,,,,,,,,,,,,,,,,,,,,,,,,,,,,,,,,,,,,,,,,,,
5/19/2021,Magpie,3,1,,,,,,,,,,,,,,,,,,,,,,,,,,,,,,,,,,,,,,,,,,,,,,,,,,,,,,,,,,,,,,,,,,,,,,,,,
5/19/2021,Magpie,4,1,2,1,,,,,,,,,,,,,,,,,,,,,,,,,,,,,,,,,,,,,,,,,,,,,,,,,,,,,,,,,,,,,,,,,,,,,,,
5/19/2021,Magpie,5,1,,,1,,,,,,,,5,,,,,,,,,,,,,,,,,,,,,,,,,,,,,,,,,,,,,,,,,,1,,,,,,,,,,,,,,,,,,,,
5/19/2021,Magpie,6,1,20,1,,7,,,,,,,3,,,,,1,,,,,,,,,,,,,,,,,,,,,,,,,,,,,1,,,,,,,,,,,,,,,,,,,,,,,,,,,,
6/9/2021,Magpie,1,2,13,,,,,,,,,,4,,,,,,,,,,,,,,,,,,,,,,,,,,,,,,,,,,,,,,,,,,,,,,,,,,,,,,,,,,,,,,
6/9/2021,Magpie,2,2,12,1,1,,,,,1,,,2,,,,,,,,,,,,,,,,,,,,,,,,,1,,,,,,,,,,,,,,,,,,,,,,,,,,,,,,,,1,,,,,
6/9/2021,Magpie,3,2,89,1,,,,,,,,,,,,,,6,,1,,,,,,,,,,,,,,,,2,,,,,,,,,,,,,,,,,,,,,,1,,,,,,,,,,,,,,,,,
6/9/2021,Magpie,4,2,,,,,,,,,,,1,,,,,7,,,,,,,,,,,,,,,,,,,,,,,,,,,,,,,,,,,,,,,,,,,,,,,,,,,,,,,,,
6/9/2021,Magpie,5,2,,,,,,,,,,,1,,,,,4,,,,,,,,,,,,,,,,,,,,,,,,,,,,,,,,,,,,,,,,,,,,,,,,,,,,,,,,,
6/9/2021,Magpie,6,2,1,3,2,2,,,,,,,124,,,5,,,,,,,,,,,,,,,,,,,1,,,1,,,,,,,,,,,,,,,,,,,,2,1,,,,,,,,,,,,,,,,
6/30/2021,Magpie,1,3,,,,,,,,2,1,,12,1,,4,,1,,,1,,1,,,,1,,,,,,,,1,,,,,1,,,,,,,,,,,,,,1,1,,,14,,,,,,,,,,,,,,,,,
6/30/2021,Magpie,2,3,,1,,1,,,,,,,2,,1,,,,,,,,,,,,,,,,,,,,,1,,1,,,,,,,,,,,,,,,,,,,,,,,,,,,,,,,,,,,,,
6/30/2021,Magpie,3,3,2,,,5,,,,,,,1,,,,,,,,,,1,,,,,,,,,,,,,,,,,,,,,,,,,,,,,,,,,,,2,,,,,,,,,,,,,,,,,
6/30/2021,Magpie,4,3,,,,3,,,,,,,1,,,,,,,,,,,,,,,,,,,,,,2,,,,,,,,,,,,,,,,,,,,,,,,,,,,,,,,,,,,,,,,
6/30/2021,Magpie,5,3,1,,,2,,,,,,,4,,,1,,,,,,,,,,,,,,,,,,,,,,,,,,,,,,,,,,,,,,,,,,,,,,,,,,,,,,,,,,,
6/30/2021,Magpie,6,3,2,2,,,,,,,,,207,,,4,,10,,1,,,,,,,,,,,,,,,,,,,,,,,,,,,,,,,,,,,,,,11,1,,,,,,,,,,,,,,,,
5/24/2021,Meyer,1,1,1,1,,,,,,,,,6,,,,,,,,,,,,,,,,,,,,,,,,,,,,,,,,,,,,,,,,,,,,,,,,,,,,,,,,,,,,,,
5/24/2021,Meyer,2,1,9,,,,,,,,,,24,,,,,2,,,,,,,,,,,,,,,,,1,,,,,,,,,,,,,,,,,,,,,,,2,,,,,,,,,,,,,,,,,
5/24/2021,Meyer,3,1,,,,,,,,,,,1,,,,,2,,,,,,,,,,,,,,,,,,,,,,,,,,,,,,,,,,,,,,,,,,,,,,,,,,,,,,,,,
5/24/2021,Meyer,4,1,2,,,,,,,,,,3,,,,,,,,,,,,,,,,,,,,,,,,,,,,,,,,,,,,,,,,,,,,,,,,,,,,,,,,,,,,,,
5/24/2021,Meyer,5,1,2,,,,,,,,,,1,,,,,1,,,,,,,,,,,,,,,,,,,,,,,,,,,,,,,,,,,,,,,,,,,,,,,,,,,,,,,,,
5/24/2021,Meyer,6,1,3,,,,,,,,,,10,,,,,1,,,,,,,,,,,,,,,,,,,,,,,,,,,,,,,,,,,,,,,,,,,,,,,,,,,,,,,,,
6/14/2021,Meyer,1,2,9,,,,,,,,,,68,,,,,1,,,,,,,,,,,,,,,,,,,,,,,,,,,,,,,,,,,,1,,,,11,2,,,,,,,,,,,,,,,,
6/14/2021,Meyer,2,2,,1,2,,,1,,3,,,59,,,,,5,,,,,,,,,,,,,,,,,,,,,,,,,,,,,,,,,,,,,,,,,,,,,,,,,,,,,,,,,
6/14/2021,Meyer,3,2,,3,,,,,,,,,121,,,,,15,,,,,,,,,,,,,,,,,,,,,,,,,,,,,,,,,,,,,,,,,,,,,,,,,,,,,,,,,
6/14/2021,Meyer,4,2,,,,,,,,,,,8,,,,,,,,,,,,,,,,,,,,,,,1,1,,,,,,,,,,,,,,,,,,,,,,,,,,,,,,,,,,,,,,
6/14/2021,Meyer,5,2,1,1,,,,,,,,,3,,,,,,,,,,,,,,,,,,,,,,,,,,,,,,,,,,,,,,,,,,,,,,,,,,,,,,,,,,,,,,
6/14/2021,Meyer,6,2,,,,,,,,,,,22,,,,,,,,,,,,,,,,,,,,,,,2,,,,,,,,,,,,,,,,,,,,,,1,,,,,,,,,,,,,,,,,
7/6/2021,Meyer,1,3,,4,,,,,,,,,18,,,,,,,,,1,,,,,,,,,,,,,,,,,,,,,,,,,,,,,,,,,,,,,,,,,,,,,,,,,,,,,
7/6/2021,Meyer,2,3,45,2,,10,3,,,,,,68,,,,,1,,,,,,,,,,,,,,,,,,4,,,,,,,,,,,,,,,,,,1,,,,18,1,,,,,,,,,,,,,,,,
7/6/2021,Meyer,3,3,3,1,,20,,,,,,,40,,,,,1,,,,,,,,,,,,,,,,,,,,,,1,,,,,,,,,,,,,,,1,,,5,,,,,,,,,,,,,,,,,
7/6/2021,Meyer,4,3,1,6,,5,,,,,,,49,,,,,,,,,,,,,,,,,,,,,,,1,,,,,,,,,,,,,,,,,,,,,,6,,,,,,,,,,,,,,,,,
7/6/2021,Meyer,5,3,4,5,,10,,,,1,,,121,,,,,,,,,1,,,,,,,,,,,,,,3,,1,,,,,,,,,,,,,,,,,,,,9,2,,,,,,,,,,,,,,,,
7/6/2021,Meyer,6,3,1,2,,8,,,,,,,27,,,,,,,,,,,,1,,,,,,,,,,,,,,,,,,,,,,,,,,,,,,,,,4,,,,,,,,,,,,,,,,,
5/27/2021,PCEI,1,1,1,,,,,,,,,,24,,,,,3,,,,,,,,,,,,,,,,,,,,,,,,,,,,,,,,,,,,,1,,,,,,,,,,,,,,,,,,,,
5/27/2021,PCEI,2,1,,,,,,,,,,,27,,,,,,,,,,,,,,,,,,,,,,,,,,1,,,,,,,,,,,,,,,,,,,1,,,,,,,,,,,,,,,,,
5/27/2021,PCEI,3,1,,2,,,,,,,,,60,,,,,2,,,,,,,,,,,,,,1,,,,,,,,,,,,,,,,,,,,,,,,,,,,,,,,,,,,,,,,,,,
5/27/2021,PCEI,4,1,2,,,5,,,,1,,,70,,,,,1,,,,,,,,,,,,,,,,,,,,1,,,,,,,,,,,,,,,,1,,1,,,,,,,,,,,,,,,,,,,
5/27/2021,PCEI,5,1,,,,,,,,,,,21,,,,,,,,,,,,,,,,,,,,,,,,,,,,,,,,,,,,,,,,,,,,,,,,,,,,,,,,,,,,,,
5/27/2021,PCEI,6,1,1,3,,,,,,,,,16,,,,,3,,,,,,,,,,,,,,,,,,,,,,,,,,,,,,,,,,,,,,1,,,,,,,,,,,,,,,,,,,
6/17/2021,PCEI,1,2,2,,,,,,,,,,39,,,,,,,,,,,,,1,,,,,,,,,,,,,,2,,,,,,,,,,,,,,,,,,,,,,,,,,,,,,,,,,,
6/17/2021,PCEI,2,2,,,,,,,,,,,122,2,,,,4,1,,,,,,,,,,,,,,,,,,,,,3,,,,,,,,,,,,,,,,,,1,,,,,,,,,,,,,,,,,
6/17/2021,PCEI,3,2,2,,,1,,,,,,,140,,,,,4,,,,,,,,,,,,,,1,,,,,,,,1,,,,,,,,,,,,,,,,,,1,,,,,,,,,,,,,,,,,
6/17/2021,PCEI,4,2,34,1,1,,,,,,,,71,,,,,,,,,,,,,,,,,,,,,,,,,,,1,,,,,,,,,,,,,,,,,,,,,,,,,,,,,,,,,,,
6/17/2021,PCEI,5,2,1,1,,,,,,,,,70,,,,,2,,,,,,,,,,,,,,,,,,,,,,,,,,,,,,,,,,,,,,,,,,,,,,,,,,,,,,,,,
6/17/2021,PCEI,6,2,29,2,1,,,,,,,,77,,,2,,13,1,,,,,,,,,,,,,,,,1,,,,,,,,,,,,,,,,,,,,,,,1,,,,,,,,,,,,,,,,,
7/8/2021,PCEI,1,3,1,3,,6,,,,1,,,11,3,,,,,,,,,,,,,,,,,,1,,,,,,,,,,,,,,,,,1,,,,,,,,,,,,,,,,,,,,,,,,,,
7/8/2021,PCEI,2,3,4,,1,87,,,,,,,292,5,,2,,1,,,,,1,,,,,,,,,1,,,,1,,,,,,,,,,,,,,,,,,,,,,,,,,,,,,,,,,,,,,,
7/8/2021,PCEI,3,3,,2,,89,,,,1,,,101,,,,,,,,,,,,,,,,,,,,,,8,,,,,,,,,,,,,,,,,,,,,,,,,,,,,,,,,,,,,,,,
7/8/2021,PCEI,4,3,,3,,185,,,,2,,,281,,1,,,,,,,,,,,,,,,,,,,,,,,,,,,,,,,,,,,,,,,,1,,,4,,,,,,,,,,,,,,,,,
7/8/2021,PCEI,5,3,,8,,19,,,,,,,36,,,,,,,2,,,,,,,,,,,1,,,,,1,,,,,,,,,,,,,,,,,,1,,,,1,1,,,,,,,,,,,,,,,,
7/8/2021,PCEI,6,3,,3,,70,,,,,,,138,,,,,,,,,,,,2,,,,,,,,,,4,,,,,,,,,,,,,,,,,,,,,,,1,,,,,,,,,,,,,,,,,
5/10/2021,Petty,1,1,14,,,,,,,2,,,37,1,,,,2,,,,,,,,,,,,,,,,,,,,,,,,,,,,,,,,,,,,,,,,,,,,,,,,,,,,,,,,,
5/10/2021,Petty,2,1,1,,,,,,,,,,25,1,,,,,,,,,,,,,,,,,,,,,,,,1,,,,,,,,,,,,,,,,,,,,,,,,,,,,,,,,,,,,,
5/10/2021,Petty,3,1,1,,,,,,2,1,,,7,1,,,,62,,,,,,,,,,,,,,,,,1,,,,,,,,,,,,,,,,,,,,,,,,,,,,,,,,,,,,,,,,
5/10/2021,Petty,4,1,6,,,,,,,,6,,38,,,,,3,,,,,,1,,,,,,,,,,,,,,,1,,,,,,,,,,,,,,,,1,,,,,,,,,,,,,,,,,,,,
5/10/2021,Petty,5,1,5,1,,,,,,,,,8,1,,,,,,,,,,,,,,,,,,,,,,,,,,,,,,,,,,,,,,,,,,,,,,,,,,,,,,,,,,,,,
5/10/2021,Petty,6,1,3,,,,,,,,,,5,,,,,,,,,,,,,,,,,,,,,,,,,,,,,,,,,,,,,,,,,,,,,,,,,,,,,,,,,,,,,,
5/31/2021,Petty,1,2,3,2,,,,,,1,,,8,,,,,19,,,,,,1,,,,,,,,,,,2,,,,,,,,,,,,,,,,,,,,,,,,,,,,,,,,,,,,,,,,
5/31/2021,Petty,2,2,10,,,,,,,6,,,54,,,,,11,1,,,,,7,,,,,,,,,,,1,3,,,,,,,,,,,,,,,,,,,,1,,,,,,,,,,,,,,,,,,,
5/31/2021,Petty,3,2,2,,1,,,,,,,,28,,,,,1,,,,,,,,,1,,,,,,,,,1,,2,,1,,,,1,,,,,,,,,,,,,1,,,,,,,,,,,,,,,,,,
5/31/2021,Petty,4,2,1,1,,,,,,,,,32,1,,,,3,,,,,,,1,,,,,,,,,,,,,,,,,,,,,,,,,,,,,,,,,,,,,,,,,,,,,,,,,,
5/31/2021,Petty,5,2,15,4,,,,,,1,,,22,,,,,6,,,,,,3,,,,,,,,,,,,,,,,,,,,,,,,,,,,,1,,,,1,,,,,,,,,,,,,,,,,,
5/31/2021,Petty,6,2,3,1,1,,,,,2,,,8,1,,,,3,,,,,,,,,1,,,,,,,,,,,,,1,,,,,,,,,,,,,,,,,,1,,,,,,,,,,,,,,,,,
6/21/2021,Petty,1,3,,4,,,,,,,,,9,,1,,,8,,,,,1,,,,,,,,,,,,,,,,,,,,,,,,,,,3,,,,,,,,,2,,,,,,,,,,,,,,,,
6/21/2021,Petty,2,3,4,3,3,,,,,10,,,12,,,,,27,,6,,,,,,,,,,,,,,,,1,6,1,,8,,,,,,,,,,,,,,,3,,,3,,,,,,,,,,,,,,,,,
6/21/2021,Petty,3,3,9,6,6,36,,,,1,,,295,,,,,10,,3,1,,,,,,,,,,,,,,,14,,,4,1,,,,,,,,,,,,,,,1,,,93,13,,1,,,,,,,,,,,,,,
6/21/2021,Petty,4,3,4,1,,17,,,,1,,,38,,,,,4,,4,,,,,,,,,,,,,,,,,,,,,,,,,,,,,,,,,,,,,,5,1,,,,,,,,,,,,,,,,
6/21/2021,Petty,5,3,10,1,6,9,,,,13,,,360,,,,,8,,,,,,,,,,,,,,,,,,1,,1,,,,,,,,,,,,,,,,,,,,12,3,,,,,,,,,,,,,,,,
6/21/2021,Petty,6,3,30,7,3,10,,,,1,2,,139,,,,,14,,2,,,,,,,,,,,,,,,,8,,,,,,,,,,,,,,,,,,,,,,25,3,,,,,,,,,,,,,,,,
5/12/2021,Philips,1,1,2,3,,,,,,,1,,36,,,,,3,,,,,,,,,,,,,,1,,,1,,,,1,,,,,,,,,,,,,,,,,,,2,,,,,,,,,,,,,,,,,
5/12/2021,Philips,2,1,,5,,,,,,,,,36,,,,,,,,,,,,,,,,,,,,,,,,,1,,,,,,,,,,,,,,,,,,,,,,,,,,,,,,,,,,,,,
5/12/2021,Philips,3,1,1,,,,,,,,,,25,3,,,,,,,,,,,,,,,,,,,,,,,,3,,,,,,,,,,,,,,,,,,,,,,,,,,,,,,,,,,,,,
5/12/2021,Philips,4,1,4,,,,,,,,1,,20,,,,,6,,,,,,,,,,,,,,,,,,,,,,,,,,,,,,,,,,,,,,,,,,,,,,,,,,,,,,,,,
5/12/2021,Philips,5,1,4,3,,4,,,,,,,5,,,,,,,,,,,,,,,,,,,,,,,,,,,,,,,1,,,,,,,,,,,,,,,,,,,,,,,,,,,,,,,
5/12/2021,Philips,6,1,14,,,9,,,,,,,12,2,,,,,,,,,,,,,,,,,,,,,,,,1,,,,,,,,,,,,,,,,1,,,,1,,,,,,,,,,,,,,,,,
6/2/2021,Philips,1,2,2,1,,,,,,1,,,112,,,,,,,,,,,,,,,,,,,,,,,1,,3,,,,,,,,,,,,,,,,,,1,,4,,,,,,,,,,,,,,,,,
6/2/2021,Philips,2,2,9,1,,,,,,,,,22,,,,,,,,,,,,1,,,,,,,,,,,,,,,,,,,,,,,,,,,,,,,1,,2,,,,,,,,,,,,,,,,,
6/2/2021,Philips,3,2,,,,,,,,,,,16,,,,,3,,,,,,,,,,,,,,,,,,,,,,,,,,,,,,,,,,,,,,2,,,,,,,,,,,,,,,,,,,
6/2/2021,Philips,4,2,,,,,,,,,,,9,,,,,,,,,,,,,,,,,,,,,,1,,,,,,,,,,,,,,,,,,,,,1,,,,,,,,,,,,,,,,,,,
6/2/2021,Philips,5,2,2,1,,,,,,,,,7,,,2,,,,1,,,,,1,,,,,,,,,,,,,,1,,,,,,,,,,,,,,,,,,,1,,,,,,,,,,,,,,,,,
6/2/2021,Philips,6,2,,,,,,,,,,,19,1,,,,1,,,,,,,,,,,,,,,,,,,,,,1,,,,,,,,,,,,,,,,,,12,,,,,,,,,,,1,,,,,,
6/23/2021,Philips,1,3,8,1,1,15,,,,,,,215,11,,1,,13,,,,,1,,2,,,,,,,,,,,,,,1,,,,,,,,,,,,,,,,,,,26,3,,,,,,2,,,,,,,,,,
6/23/2021,Philips,2,3,7,2,4,,1,,,,,,1430,,,5,,,,,,,,,,,,,,1,,,,,,,,,,,,,,,,,,,,,,,,,,,,15,5,,,,,,,,,,,,,,,,
6/23/2021,Philips,3,3,1,,,,,,,,,,84,,,4,,,,3,,,,,,,,,,,,,,,,,,,,,,,,,,,,,,,,,,,,1,,,2,,,,,,,,,,,,,,,,
6/23/2021,Philips,4,3,,3,,,,,,,,,19,,,3,,5,,,1,,,,,,,,,,,6,,,,2,,,,,,,,,,,,,,,,,,,,,,,,,,,,,,,,,,1,,,,,
6/23/2021,Philips,5,3,4,4,,,,,,,,,12,,,2,,2,,,,,,,,,,,,,,,,,,,,,,,,,,,,,,,,,,,,,,2,,2,,,,,,,,,,,,,,,,,
6/23/2021,Philips,6,3,4,1,1,10,,,,,,,101,,,,,10,,,,,,,,,,,,,,,,,,,,,,,,,,,,1,,,,,,,,,,,,76,2,,,,,,,,,,,,,,,,
5/13/2021,Robinson,1,1,2,1,,,,,,,,,6,,,,,6,,,,,,,,,,,,,,,,,,,,1,72,1,,,,,,,,,,,,,,,1,,,,,,,,,,,,,,,,,,,,
5/13/2021,Robinson,2,1,4,,,,,,,,,,2,,,,,,,,,,,,,,,,,,,,,,,,,,,,,,,,,,,,,,,,,,,,,,,,,,,,,,,,,,,,,,
5/13/2021,Robinson,3,1,3,2,1,,,,,,,,5,,,,,,,1,,,,,,,,,,,,,,,,1,,1,1,,,,,,,,,,,,,,,1,,,,,,,,,,,,,,,,,,,,,
5/13/2021,Robinson,4,1,5,,,,,,,3,,,14,,,,,5,,2,,,,,1,,,,,,,3,,,,1,,1,2,,,,,,,,,,,,,,,,,,,,1,,,,,,,,,,,,,,,,
5/13/2021,Robinson,5,1,2,2,,,,,,,,,4,,,,,,,,,,,,,,,,,,,,,,,,,2,,4,,,,,,,,,,,,,,1,,,,,3,,,,,,,,,,,,,,,,
5/13/2021,Robinson,6,1,9,1,,,,,,,,,11,,,,,1,,,,,,,,,,,,,,,,,,1,,,,,,,,2,,,4,,,,,,,,1,,,1,,,,,,,,,,,,,,,,,
6/2/2021,Robinson,1,2,,4,,,,,,,,,5,1,,,,5,,1,,,,,2,,,,,,,,,,,,,,,1,,,,,,,,,,,,,,,,,,1,,,,,,,,,,,,,,,,,
6/2/2021,Robinson,2,2,,,,,,,,,,,8,,,,,2,,,,,,,,,,,,,,,,,,,,1,,,,,,,,,,,,,,,,,,,,1,,,,,,,,,,,,,,,,,
6/2/2021,Robinson,3,2,1,2,,1,,,,,,,16,2,,,,18,,,2,,,,,,,,,,,,,,,,,,,1,,,,1,,,,,,,,,,,,,,2,,,,,,,,,,,,,,,,,
6/2/2021,Robinson,4,2,1,,,,1,,,1,,,7,,,,,12,,,2,,,,2,,,,,,,3,,,1,1,,,2,,,,,,,,,,,,,,,,1,,,2,,,,,,,,,,,,,,,,,
6/2/2021,Robinson,5,2,3,,,,,,,,,,6,,,,,6,,,,,,,,,,,,,,,,,1,1,,1,,,,,,,,,,,,,,,,,,,,1,,,,,,,,,,,,,,,,,
6/2/2021,Robinson,6,2,20,3,,,,,,,,,25,20,,,,41,,,4,,,2,,,,,,,,1,,,2,,,,,,,,1,1,,,,,,,,,,,,,,10,,,,,,,,,,,,,,,,,
6/23/2021,Robinson,1,3,3,3,,2,,,,,,,5,,,1,,29,,1,,,1,,1,,,,,,,,,,1,,,,,,,,,,,,,,,,,,,,,,,2,,,,,,,,,,,,,,,,,
6/23/2021,Robinson,2,3,5,5,,,,,,,,,6,,,,,,,,,,1,,,,,,,,,1,,,,,1,,,,,,,,,,,,,,,,,,,,,5,2,,,,,,,,,,,,,,,,
6/23/2021,Robinson,3,3,17,8,,,1,,,,,,6,,,6,,19,,,,,1,,,,,,,,,,,,,,3,,,,,,,,,,,,,,,,,,,,,6,1,,,,,,,,,,,,,,,,
6/23/2021,Robinson,4,3,18,2,,,,,,,,,11,,,2,,14,,,,,1,,,,,,,,,,,,5,,,,9,,,,,,,,,,,,,,,,,,,5,,,,,,,,,,,,,,,,,
6/23/2021,Robinson,5,3,10,4,,,,1,,1,,,59,1,,2,1,14,,,,,,,,,,,,,,,,,8,,,,,,,,,,,,,,,,,,,,,,,13,18,,,,,,,,,,,,,,,,
6/23/2021,Robinson,6,3,50,26,,,3,,,,,,22,6,,2,,48,,1,,,,,,1,,,,,,1,,,,,,,,1,,,,,,,,,,,,,,1,3,,,26,4,,,,,,,,,,,,,,,,
5/19/2021,Rose Creek,1,1,3,,,,,,,,,,17,,,,,3,,,,,,,,,,,,,,,,,,,,,,,,,,,,,,,,,,,,1,,,,,,,,,,,,,,,,,,,,,
5/19/2021,Rose Creek,2,1,3,,,,,,,,,,19,,,,,1,,,,,,,,,,,,,,,,,1,,,,,,,,,,,,,,,,,,,,,,,1,,,,,,,,,,,,,,,,,
5/19/2021,Rose Creek,3,1,4,1,,1,,,,,,,6,,,,,6,,,,,,,,,,,,,,,,,,,,1,,,,,,,,,,,,,,,,,,,,1,,,,,,,,,,,,,,,,,
5/19/2021,Rose Creek,4,1,2,,1,,,,,,,,6,1,,,,11,,,,,,,,,,,,,,,,,,,,,,,,,,,,,,1,,,,,,,,,,,,,,,,,,,,,,,,,,,
5/19/2021,Rose Creek,5,1,3,,,,,,,,,,4,,,,,,,1,,,,,,,,,,,,,,,,,,,,,,,,,,,,,,,,,,,,,,,,,,,,,,,,,,,,,,,
5/19/2021,Rose Creek,6,1,2,,,,,,,,,,6,,,,,2,,,,,,,,,,,,,,,,,,,,,,,,,,,,,,,,,,,,,,,,,,,,,,,,,,,,,,,,,
6/9/2021,Rose Creek,1,2,,1,,,,,,,,,62,,,,,,,2,,,,,,,,,,,,,,,,,,,,,,,,,,,,,,,,,,,,,,,1,,,,,,,,,,,,,,,,
6/9/2021,Rose Creek,2,2,1,1,,,,,,,,,22,,,,,5,,,,,,,,,,,,,,,,,,1,,,,,,,,,,,,1,,,,,,,,,,,,,,,,,,,,,,,,,,,
6/9/2021,Rose Creek,3,2,,,,,,,,,,,53,,,,,,,,,,,,,,,,,,,,,,,,,,,,,,,,,,,,,,,,,,,,,,,,,,,,,,,,,,,,,,
6/9/2021,Rose Creek,4,2,11,1,,,,,,,,,19,,,,,6,,,,,1,,,,,,,,,,,,,,,,,,,,,,,,,,,,,,,,,,,,,,,,,,,,,,,,,,,,
6/9/2021,Rose Creek,5,2,39,,1,,,,,,,,28,,,,,6,,,,,,,,,,,,,,,,,,,,,,,,,,,,,,,,,,,,,,,,,,,,,,,,,,,,,,,,,
6/9/2021,Rose Creek,6,2,,,,,,,,,,,7,,,,,2,,,,,,,,,,,,,,,,,8,,,,,,,,,,,,,,,,,,,,,,,,3,,,,,,,,,,,,,,,,
7/1/2021,Rose Creek,1,3,,,,11,,,,1,,,107,,,,,,,,,,,,1,,,,,,,,,,14,1,,,,,,,,,,,,,,,,,,,,,,2,3,,,,,,,,,,,,,,,,
7/1/2021,Rose Creek,2,3,,,,,,,,,,,149,3,,4,,2,,,,,1,1,,,,,,,,,,,5,,,2,,,,,,,,,,,,,,,,,,,,26,13,2,,,,,,,,,,,,,,,
7/1/2021,Rose Creek,3,3,2,2,,12,,,,,,,77,1,,,,,,,,,1,,,,,,,,,,,,,,,,,,,,,,,,,,,,,,,,,,,15,1,,,,,,,,,,,,,,,,
7/1/2021,Rose Creek,4,3,4,1,5,78,,,,2,,,1158,,,4,,1,,1,1,,,30,,,,,,,,,,,,1,,1,,,,,,,,,,,,,,,,,,,,84,,,,,,,,,,,,,,,,,
7/1/2021,Rose Creek,5,3,3,2,3,91,,,,,,,582,2,,,,11,,1,,,,,1,,,,,,,,,,,,,1,,,,,,,,,,,,,,,,,,,,92,1,,,,,,,,,,,,,,,,
7/1/2021,Rose Creek,6,3,4,2,,136,,,,,2,,1394,1,,1,,2,,,,,,,,,,,,,,,,,1,2,,,,,,,,,,,,,,,,,,,,,,14,,,,,,,,,,,1,,,,1,,
5/17/2021,Schlee,1,1,14,1,,,,,,2,,,32,,,,,,,,,,,,1,,,,,,,,,,,1,,1,,,,,,,,,,,,,,,,,1,,,,,,,,,,,,,,,,,,,,
5/17/2021,Schlee,2,1,34,1,,,,,,,,,64,,,,,3,,,,,,,,,,,,,,,,,1,1,,1,,,,,,,,,,,,,,,,,1,,,,,,,,,,,,,,,,,,,,
5/17/2021,Schlee,3,1,6,,,,,,,,,,22,,,,,,,,,,,,,,,,,,,,,,,,,,,,,,,,,,,,,,,,,,,,,,,,,,,,,,,,,,,,,,
5/17/2021,Schlee,4,1,10,1,,,,,,,,,26,,,,,,,,,,,,,,,,,,,,,,,4,,,,,,,,,,,,,,,,,,1,,,,1,,,,,,,,,,,,,,,,,
5/17/2021,Schlee,5,1,6,1,,,,,,,,,30,,,,,,,,,,,,,,,,,,,,,,,9,,,,,,,,,,,,,,,,,,,,,,1,,,,,,,,,,,,,,,,,
5/17/2021,Schlee,6,1,37,1,,,,1,,1,,,60,,,,,1,,,,,,,4,,,,,,,,,,,27,,,,,,,,,,,,,,,,,,,2,,,1,,,,,,,,,,,,,,,,,
6/7/2021,Schlee,1,2,2,,,,,,,,,,3,,,,,,,,,,,,,,,,,,,,,,,,,,,,,,,,,,,,,,,,,,,,,,,,,,,,,,,,,,,,,,
6/7/2021,Schlee,2,2,5,,,,,,,,,,4,,,,,,,,,,,,,,,,,,,,,,,,,,,,,,,,,,,,,,,,,,,,,,,,,,,,,,,,,,,,,,
6/7/2021,Schlee,3,2,5,,,,,,,1,,,1,,,,,,,,,,,,,,,,,,,,,,,1,,,,,,,,,,,,,,,,,,,,,,,,,,,,,,,,,,,,,,,
6/7/2021,Schlee,4,2,,,,,,,,,,,1,,,,,,,,,,,,,,,,,,,,,,,,,,,,,,,,,,,,,,,,,,,,,,,,,,,,,,,,,,,,,,
6/7/2021,Schlee,5,2,,,,,,,,,,,1,,,,,,,,,,,,,,,,,,,,,,1,,,,,,,,,,,,,,,,,,,,,,,,,,,,,,,,,,,,,,,,
6/7/2021,Schlee,6,2,,,,,,,,,,,,,,,,,,,,,,,,,,,,,,,,,,,,,,,,,,,,,,,,,,,,,,,,,,,,,,,,,,,,,,,,,
6/28/2021,Schlee,1,3,,,,,,,,,,,,,,,,,,,,,,,,,,,,,,,,,,,,,,,,,,,,,,,,,,,,,,,,,,,,,,,,,,,,,,,,,
6/28/2021,Schlee,2,3,,,,,,,,,,,,,,,,,,,,,,,,,,,,,,,,,,,,,,,,,,,,,,,,,,,,,,,,,,,,,,,,,,,,,,,,,
6/28/2021,Schlee,3,3,,3,,,,,,,,,5,,,,,,,,,,,,,,,,,,,,,,,,,,,,,,,,,,,,,,,,,,,,,3,1,,,,,,,,,,,,,,,,
6/28/2021,Schlee,4,3,1,4,,2,,,,,,,13,,,,,,,3,,,,,,,,,,,,,,,,1,1,,,,,,,,,,,,,,,,,,,,,19,,,,,,,,,,,,,,,,,
6/28/2021,Schlee,5,3,1,2,,2,,,,,,,8,,,,,,,,,,,,,,,,,,,,,,,1,,,,,,,,,,,,,,,,,,,,,,2,,,,,,,,,,,,,,,,,
6/28/2021,Schlee,6,3,1,1,,,,,,,,,2,,,,,,,,,,,,,,,,,,,,,,,,,,,,,,,,,,,,,,,,,,,,,3,,,,,,,,,,,,,,,,,
5/17/2021,Schultheis,1,1,4,,,,,,,2,,,52,,,,,9,,,,,,23,,,,,,,,,,,,1,,,,,,,,,,,,,,,,,,,1,,,,,,,,,,,,,,,,,,,,
5/17/2021,Schultheis,2,1,,,,,,,,,,,30,,,,,10,,,,,,2,,,,,,,,,,,,2,,,,,,,,,,,,,,,,,,,1,,,,,,,,,,,,,,,,,,,,
5/17/2021,Schultheis,3,1,4,2,,,,,,1,,,14,,,,,4,,,,,,,,,,,,,,,,,,,,,,1,,,,,,,,,,,,,,,,,,,,,,,,,,,,,,,,,,,
5/17/2021,Schultheis,4,1,,,,,,,,,,,16,,,,,2,,,,,,,,,,,,,,,,,,,,,,,,,,,,,,,,,,,,,,3,,1,,,,,,,,,,,,,,,,,
5/17/2021,Schultheis,5,1,8,2,,,,,,2,,,75,,,,,1,,,,,,,,,,,,,,,,,,1,,4,,,,,,,,,,,,,,,,,,,,2,,,,,,,,,,,,,,,,,
5/17/2021,Schultheis,6,1,7,1,,,,,,,,,13,,,,,12,,,,,1,6,,,,,,,,,,,,,,9,,2,,,,1,1,,1,,,,,,,,,,,2,5,,,,,,,,,,,,,,,,
6/7/2021,Schultheis,1,2,,,,,,,,,,,,,,,,2,,,,,,,,,,,,,,,,,,,,1,,,,,,,,,,,,,,,,,,,,,,,,,,,,,,,,,,,,,
6/7/2021,Schultheis,2,2,,,,,,,,,,,1,,,,,1,,,,,,,1,,,,,,,,,,,,1,,,,,,,,,,,,,,,,,,,,,1,,,,,,,,,,,,,,,,,
6/7/2021,Schultheis,3,2,1,,,,,,,,,,10,,,,,,,,,,,,,,,,,,,,,,,,,,,1,,,,,,,,,,,,,,,,,,2,,,,,1,,,,,,,,,,,,
6/7/2021,Schultheis,4,2,16,,,,,,,,,,4,,,,,1,,,,,,1,,,,,,,,,,,,,,,,,,,,,,,,,,,,,,,,2,,2,,,,,,,,,,,,,,,,,
6/7/2021,Schultheis,5,2,61,,,,,,,1,,,26,,,,,6,,,,,,,,,,,,,,,,,,,,,,,,,,,,,,,,,,,,,,,,2,,,,,,,,,,,,,,,,,
6/7/2021,Schultheis,6,2,26,,,,,,,,,,9,,,,,5,,,,,,,,,,,,,,,,,,1,,,,,,,,,,,,,,2,,,,,1,1,,2,,,,,,,,,,,,,,,,,
6/28/2021,Schultheis,1,3,4,1,,3,,,,,,,14,,,,,2,,,,,,,,,,,,,,,,,1,3,,1,,,,,,,,,,,,,,,,,,,,24,,,1,,,,,,,,,,,,,,
6/28/2021,Schultheis,2,3,1,1,,6,,,,,,,22,4,,,,,,,,,,,,,,,,,,,,,,1,,,,,,,,,,,,,,,,,,,,,,14,,,,,,,,,,,,,,,,,
6/28/2021,Schultheis,3,3,1,4,,22,,,,1,,,53,,,,,6,,,,,,,,2,,,,,,,,,,7,3,,1,1,,,,,,,,,,,,,,,,,,5,,,1,,,,,,,,,,,,,,
6/28/2021,Schultheis,4,3,2,5,,15,,,,3,,,38,13,,7,,8,,,,,,,,3,,,,,,,,,,8,3,,,,,,,,,,,,,,,,,,,,1,7,,,,,,,,,,,,,,,,,
5/11/2021,Schuster,1,1,16,,1,,,,,,,,4,,,,,1,,,,,,,,,,,,,,,,,,,,,1,,,,,,,,,,,,,,,,1,,,,2,,,,,,,,,,,,,,,,
5/11/2021,Schuster,2,1,4,2,,,,,,9,,,17,,,,,1,,,,,,,,,,,,,,1,,,2,2,,,,10,,,,,,,,,,,,,,,,,,,,,,,,,,,,,,,,,,,
5/11/2021,Schuster,3,1,7,,,,,,,2,,,20,,,,,,,,,,,,,,,,,,,,,,,,,,1,,,,,,,,,,,,,,,,,,,,,,,,,,,,,,,,,,,,
5/11/2021,Schuster,4,1,10,,,1,,,,,,,5,,,,,,,,,,,,1,,,,,,,,,,,,,,,,,,,,,,,,,,,,,,,,,1,,,,,,,,,,,,,,,,,
5/11/2021,Schuster,5,1,7,,,,,,,,,,8,,,,,,,,,,,,,,,,,,,,,,,,,,,,,,,,,,,,,,,,,,,,,,1,,,,,,,,,,,,,,,,
5/11/2021,Schuster,6,1,,,,,,,,,,,9,,,,,,,,,,,,1,,,,,,,1,,,,,,1,,,,,,,,,,,,,,,,,,,,,,,,,,,,,,,,,,,,,
6/1/2021,Schuster,1,2,1,,,,,,,,,,9,,,,,,,,,,,,4,,,,,,,,,,,,,,,,,,,1,,,,,,,,,,,,,1,,,,,,,,,,,,,,,,,,
6/1/2021,Schuster,2,2,1,,,,,,,,,,12,,,,,1,,2,,,,1,,,,,,,,,,,,3,2,,1,1,,,,,,,,,,,,,,,,,,,1,,,,,,,,,,,,,,,,
6/1/2021,Schuster,3,2,,1,,,,,,,,,16,2,,,,,,1,,,,,23,,,,,,,,,,1,1,,,,,,,,,,,,,,1,,,,,,,,1,,,,,,,,,,,,,,,,,
6/1/2021,Schuster,4,2,,,,,,,,,,,8,,,,,,,2,,,,,11,,,,,,,,,,4,5,1,,,,,,,9,,,,,,,,,,,,,,8,,,,,,,,,,,,,,,,,
6/1/2021,Schuster,5,2,,2,,,,,,,,,1,,,,,,,2,,,,,59,,,,,,,,,,3,6,1,,,,,,,,,,,,,,,,,,,,,,,,,,,,,,,,,,,,,,
6/1/2021,Schuster,6,2,1,2,,,,,,,,,30,,,,,,,1,,,,,3,,,,,,,,,,2,,,,,,,,,,,,,,,,,,,,,,,,,,,1,,,,,,,,,,,,,
6/22/2021,Schuster,1,3,6,,,76,,,,,,,2,,,,,1,,,,,,1,1,,,,,,,,,,4,,6,1,,,,,,,,,,,,,,,,,,,,26,,,,,,,,,,,,,,,,,
6/22/2021,Schuster,2,3,5,2,,83,,,,,,,5,,,,,2,,1,,,3,,1,,,,,,,,,,5,1,9,,,,,,,,,,,,,,,,,,,,,46,2,,,,,,,,,,,,,,,,
6/22/2021,Schuster,3,3,1,19,,13,,1,,,,,1,,,,,2,,,,1,,,,,,,,,,,,,4,,1,,,,,,,,,,,,,,,,,,,,,19,,,,,,,,,,,,,,,,,
6/22/2021,Schuster,4,3,5,1,,,,,,,,,17,3,,,,,,,,,,,3,,,,,,,,,,,,2,,,2,,,,1,,,,,,,,,,,1,,,105,,,,,,,,,,,,,,,,,
6/22/2021,Schuster,5,3,18,6,,13,,1,,,,,11,,,,,,,1,,,1,5,,,,,,,,,,,,,5,,,1,,,,,,,,,,,,,,,,,,7,1,,,,,,,,,1,,,,,,,
6/22/2021,Schuster,6,3,12,1,,3,,,,,,,4,2,,,,,,,,,1,,,1,,,,,,,,,,,2,,,,,,,,,,,,,,,,,,,,,14,,,,,,,,,,,,,,,,,
5/27/2021,Skinner,1,1,1,,,1,,,,,,,3,1,,,,2,,,,,,,,,,,,,,,,,,1,,,,1,,,,,,,,,,,,,,1,,,,1,,,,,,,,,,,,,,,,,
5/27/2021,Skinner,2,1,,,,,,,,,,,,,,,,1,,,,,,,,,,,,,,,,,,,,,,,,,,,,,,,,,,,,,1,,,1,,,,,,,,,,,,,,,,,
5/27/2021,Skinner,3,1,2,,,,,,,,,,1,,,,,1,,,,,,,,,,,,,,,,,,,,,,,,,,,,,1,,,,,,,,1,,,,6,,,,,,,,,,,,,,,,
5/27/2021,Skinner,4,1,4,3,,,,,,,,,,,,,,5,,1,,,,,,,,,,,,,,,,,,,,2,,,,,,,,,,,1,11,,,3,,,1,,,,,,,,,,,,,,,,,
5/27/2021,Skinner,5,1,1,,1,3,,,,1,,,6,,1,,,3,,,,,,2,,,,,,,,,,,,,,,,,,,,,,,,,,,,,,,,,,,,,,,,,,,,,,,,,,,
5/27/2021,Skinner,6,1,4,,,,,,,,,,4,,,,,,,,,,,,,,,,,,,,,,,,,,,1,,,,,,,,,,,,,,,,,,,2,,,,,,,,,,,,,,,,
6/17/2021,Skinner,1,2,,,,,,,,1,,,10,1,,,,,,,,,,1,,,,,,,,,,,,,,,,,,,,,,,,,,,,,,,,,,2,4,,1,,,,,,,,,,,,,,
6/17/2021,Skinner,2,2,1,,,1,,,,,,,14,2,,,,1,,,,,,,,,,,,,,,,,10,,,,,,,,,,,,,,,1,,,,,,,,19,1,,,,,,,,,,,,,,,,
6/17/2021,Skinner,3,2,1,2,1,,,,,,,,6,,,,,1,,,,,,,,,,,,,,,,,13,,,,,,,,,,,,,,,,,,,1,,,,2,2,,,,,,,,,,,,,,,,
6/17/2021,Skinner,4,2,2,1,,,,,,,,,2,,,,,,,,,,,,,,,,,,,,,,,2,,,,,,,,,,,1,,,,,,,2,,,,1,,,,,,,,,,,,,,,,,
6/17/2021,Skinner,5,2,1,,1,,,,,,,,8,,1,,,1,,,,1,,,,,,,,,,,,,,,,,,1,,,,,,,,,,,,,,,,,,4,,,,,,,,,,,,,,,,,
6/17/2021,Skinner,6,2,,2,,6,,,,,,,18,,,,,3,,,,,,,,,,,,,,,,,55,,,1,,,,,,1,1,,,,,,,,,,,,,31,,,,,,,,,,,,,,,,,
7/9/2021,Skinner,1,3,1,2,,9,,,,,,,12,,,,,,,,,,,,,,,,,,,,,,2,6,,,,,,,,,,,,,,,,,,,,,,,10,1,,,,,,,,,,,,,,,
7/9/2021,Skinner,2,3,,1,,11,,,,1,,,18,1,,2,,,,,,,,,,,,,,,,,,,2,1,,,,,,,,,,,,,,,,,,,,,,,9,,,,,,,,,,,,,,,,
7/9/2021,Skinner,3,3,,1,,6,,,,,,,7,,,,,,,,,,,,,,,,,,,,,,,3,,,,,,,,,,,,,,,,,,,,,,1,10,,,,,,,,,,,,,,,,
7/9/2021,Skinner,4,3,3,3,,16,,,,1,,,10,,,,,,,,,,1,,,,,,,,,,,,1,,,,,,,,,,,,,,,,,,,,1,,,,27,,,,,,,,,,,,,,,,
7/9/2021,Skinner,5,3,1,2,1,31,,,,,1,,51,,,,3,2,,,1,,1,,,,,,,,,,,,,,,,1,,,,,,,,,,,,,,,,,,,5,12,,,,,,,,,,,,,,,,
7/9/2021,Skinner,6,3,1,4,,16,,,,,,,18,1,,,,1,,1,,,,,,,,,,,,,,,,,,,,,,,,,,,,,,,,,,,,,,2,14,,,,,,,,,,,,,,,,
5/19/2021,Smoot,1,1,3,3,,,,,,,,,4,,,,,4,,,,,,,,,,,,,,,,,1,,,,,,,,,,,,,,,,,,,,,,,,1,,,,,,,,,,,,,,,,
5/19/2021,Smoot,2,1,7,2,,,,,,1,,,6,,,,,5,,,,,,,,,,,,,,,,,,,,,,,,,,,,,,,,,,,,,,,,,,,,,,,,,,,,,,,,,
5/19/2021,Smoot,3,1,,2,,2,,,,,,,2,,,,,13,,,,,,,,,,,,,,,,,,,,,,,,,,,,,,,,,,,,,,,,,,,,,,,,,,,,,,,,,
5/19/2021,Smoot,4,1,2,,,4,,,,,,,2,,,,,2,,,,,,,,,,,,,,,,,,,,,,,,,,,,,,,,,,,,,,,,,,,,,,,,,,,,,,,,,
5/19/2021,Smoot,5,1,2,1,,,,,,,,,4,,,,,,,,,,,,,,,,,,,,,,,,,,,,,,,,,,,,,,,,,,,,,,1,,,,,,,,,,,,,,,,
5/19/2021,Smoot,6,1,2,,,2,,,,,,,4,,,,,,,,,,,,,,,,,,,,,,,,,,,,,,,,,,,,,,,,,,,,,,,,,,,,,,,,,,,,,,
6/9/2021,Smoot,1,2,,1,,,,,,,,,145,,,,,,,2,,,,,,,,,,,,,,,,,,2,,,,,,,,,,,,,,,,,,,,4,,,,,,,,,,,,,,,,1,
6/9/2021,Smoot,2,2,,,,,,,,,,,81,,,,,2,,1,,,,,,,,,,,,,,,,1,,,,,,,,,,,,,,,,,,,,,,,,,,,,,,,,,,,,,,,
6/9/2021,Smoot,3,2,11,,,,,,,,,,165,,,,,8,,,,,,,,,,,,,,,,,,,,,,,,,,,,,,,,,,,,,,,,,,,,,,,,,,,,,,,,,
6/9/2021,Smoot,4,2,3,2,,,,,,,,,34,,,,,2,,,,,,,,,,,,,,,,,9,,,,,,,,,,,,,,,,,,,,,,,,,,,,,,,,,,,,,,,,
6/9/2021,Smoot,5,2,,,,,,,,,,,38,,,,,4,,,,,,,,,,,,,,,,,1,,,,,,,,,,,,,,,,,,,,,,,,,,,,,,,,,,,,,,,,
6/9/2021,Smoot,6,2,82,,,,,,,,,,113,,,,,6,,,,,,,,,,,,,,,,,,,,,,,,,,,,,,,,,,,,,,,,,,,,,,,,,,,,,,,,,
7/1/2021,Smoot,1,3,,,,,,,,1,1,,217,3,,,,,,8,,,,,,,,,,1,,,,,,,,,,,,,,,,,,,,,,,,,,,,1,,,,,,,,,,,,,,,,,
7/1/2021,Smoot,2,3,,2,,6,,,,,,,135,,,,,,,1,,,,,,,,,,,,,,,,,,,,,,,,,,,,,,,,,,,,,,1,6,,,,,,,,,,,,,,,,
7/1/2021,Smoot,3,3,,1,,4,,,,1,,,159,,,,,,,,,,,,,,,,,,,,,,,,,,,,,,,,,,,,,,,,,,,,,,4,,,,,,,,,,,,,,,,
7/1/2021,Smoot,4,3,1,2,,4,,,,,,,158,,,1,,1,,,,,,,,,,,,,,,,,,,,,,,,,,,,,,,,,,,,,,,,,,,,,,,,,,,,,,,,,
7/1/2021,Smoot,5,3,2,1,,9,,,,,,,829,,,,,1,,4,1,,1,,,,,,,,,,,,,,,,,,,,,,,,,,,,,,,,,,,58,5,,,,,,,,,,,,,,,,
7/1/2021,Smoot,6,3,,2,1,8,,,,2,2,,1572,,,,,2,,3,,,,,,,,,,1,,,,,,1,,,,,,,,,,,,,,,,,,,,,,28,3,,,,,,,,,,,,,,,,
5/27/2021,Spillman,1,1,,,,,,,,,,,3,,,,,22,,,,,,,,,,,,,,,,,,,,,,,,,,,,,,,,,,,,,,,,1,,,,,,,,,,,,,,,,,
5/27/2021,Spillman,2,1,3,,,,,,,,,,8,,,,,41,,,,,,,,,,,,,,,,,,,,,,,,,,,,,1,,,,,,,,,,,,,,,,,,,,,,,,,,,,
5/27/2021,Spillman,3,1,2,,,,,,,,,,15,,,,,5,,,,,,,,,,,,,,,,,,1,,,242,2,,,,,,,,,,,,,,,,,,,,,,,,,,,,,,,,,,,
5/27/2021,Spillman,4,1,2,,,,,,,,,,8,,,,,1,,,,,,,,,,,,,,,,,,,,,,,,,,,,,,,,,,,,,,,,,,,,,,,,,,,,,,,,,
5/27/2021,Spillman,5,1,5,,,,,,,,,,1,,,,,8,,,,,,,,1,,,,,,,,,,1,,,3,,,,,,,,,,,,,,,,,,,31,,,,,,,,,,,,,,,,,
5/27/2021,Spillman,6,1,5,,,1,,,,,,,16,,,,,48,,,,,,,,,,,,,,,,,,,,,,,,,,,,,,,,,,,,,,,,24,,,,,,,,,,,,,,,,,
6/17/2021,Spillman,1,2,8,,,,,,,,,,83,,,,,40,2,,,,,,,2,,,,,,,,,1,2,,,1,,,,,,,,,,,,,,,,,,,1,,,,,,,,,,,,,,,,,
6/17/2021,Spillman,2,2,1,,,,,,,,,,6,,,,,12,,,,,,,,,,,,,,,,,,,,,,,,,,,,,,,,,,,,,,,,,,,,,,,,,,,,,,,,,
6/17/2021,Spillman,3,2,1,,,,,,,,,,12,,,,,56,,,,1,,,,,,,,,,,,,,1,,,,,,,,1,,,,,,,,,,,,,,2,,,,,,,,,,,,,,,,,
6/17/2021,Spillman,4,2,2,2,,,,,,5,,,36,,,,,26,1,,,,,,1,,,,,,,,,,,3,,,,,,,,,2,,,,,,,,,,,,,3,,,,,,,,,,,,,,,,,
6/17/2021,Spillman,5,2,9,1,2,,3,1,,1,,,134,,,,,6,,,,,,,,,,,,,,,,,,,,,,,,,,,,,,,,,,,,3,,,,42,,,,,,,,,,,,,,,,,
6/17/2021,Spillman,6,2,4,,,,2,,,4,,,96,,,,,5,,,,,,,,,,,,,,,,,,,,,,,,,,,,,,,,,,,,,,1,,22,1,,,,,,,,,,,,,,,,
7/8/2021,Spillman,1,3,1,2,1,,,,,1,,,6,,,,,,,,,,,,2,,,,,,,,,,1,,,,,,,,,,,,,,,,,,,,,,,1,,,,,,,,,,,,,,,,,
7/8/2021,Spillman,2,3,,14,,9,,,,,,,31,,,,,11,,,1,,1,,9,,,,,,,,,,3,2,,,,,,,,,,,,,,,,,,,,,,1,,,,,,,,,,,,,,,,,
7/8/2021,Spillman,3,3,3,1,3,174,,,,2,,,81,,,,,,,2,1,2,,,6,,,,,,,,,,2,1,,,,,,,,,,,,,,,,,,,,,,12,,,,,1,,,,,,,,,,,,
7/8/2021,Spillman,4,3,2,,16,185,,,,6,,,63,,,,,,,1,,,1,,,,,,,,,,,,,,,,,,,,,,,,,,,,,,,,,,,12,,,,,,,,,,,,,,,,,
7/8/2021,Spillman,5,3,17,5,,11,,,,,,,14,2,,,,2,,,,,,,,1,,,,,,,,,,,,,,,,,,,,,,,,,,,,,1,,,13,,,,,,,,,,,,,,,,,
7/8/2021,Spillman,6,3,32,4,,3,1,,,,,,8,1,,1,,3,,,,,,1,,,,,,,,,,,1,,1,1,,,,,,,,,,,,,,,,,1,,,1,,,,,,,,,,,,,,,,,
5/19/2021,Steffan,1,1,7,,,,,,,1,,,4,1,,,,64,,,,,,,,,,,,,,,,,,,,,,,,,,,,,,,,,,,,1,,,,,,,,,,,,,,,,,,,,,
5/19/2021,Steffan,2,1,12,2,,,,,,,,,23,,,,,29,,,,,,,,,,,,,,,,,,1,,1,,,,,,,,,,,,,,,,,,,,,1,,,,,,,,,,,,,,,,
5/19/2021,Steffan,3,1,3,,,3,,1,,,,,2,1,,,,23,,,,,,,,,,,,,,,,,,,,,,,,,,,,,,,,,,,,,,,,1,,,,,,,,,,,,,,,,,
5/19/2021,Steffan,4,1,,,,,,,,,,,9,,,,,6,,,,,,,,,,,,,,,,,,,,,,,,,,,,,,,,,,,,,,,,,,,,,,,,,,,,,,,,,
5/19/2021,Steffan,5,1,15,,,,,,,,,,9,,,,,2,,,,,,,,,,,,,,,,,,,,,,,,,,,,,,,,,,,,,,,,,,,,,,,,,,,,,,,,,
5/19/2021,Steffan,6,1,6,1,,,,,,1,,,4,2,,,,17,,,,,,,,,,,,,,,,,,,,,,,,,,,,,,2,,,,,,,,,,,,,,,,,,,,,,,,,,,
6/8/2021,Steffan,1,2,,3,,,,,,,,,72,,,,,2,,,,,,,,,,,,,,,,,,,,,,,,,,,,,,,,,,,,,,,,13,,,,,,,,,,,,,,,,,
6/8/2021,Steffan,2,2,4,2,,,,,,,,,13,,,,,54,,,,,,,,,,,,,,,,,,,,,,,,,,,,,,,,,,,,,,,,6,,,,,,,,,,,,,,,,,
6/8/2021,Steffan,3,2,2,2,,,,,,,1,,48,,,,,33,,,,,1,,,,,,,,,,,,10,,,,,,,,,,,,,,,,,,,,,,,260,,,,,,,,,,,,,,,,,
6/8/2021,Steffan,4,2,1,1,1,,,,,,,1,6,,,,,2,,,,,,,,,,,,,,,,,,,,,,,,,,,,,,2,,,,,,,,,,26,,,,,,,,,,,,,,,,,
6/8/2021,Steffan,5,2,9,,,,,,,,,,2,,,,,1,,,,,,,,,,,,,,,,,,1,,,1,,,,,,,,2,,,,,,,,,,,43,,,,,,,,,,,,,,,,,
6/8/2021,Steffan,6,2,8,2,,,,,,,2,,11,,,,,37,,,,,,,,,,,,,,,,,,,,,,,,,,,,,,1,,,,,,,,,,76,2,,,,,,,,,,,,,,,,
6/30/2021,Steffan,1,3,39,5,,,,1,,,,,213,,,,,27,,,,,,,,,,,,,,,,,,,,1,,,,,,,,,,,,,,,,2,3,,,95,,,,,,,,,,,,,,,,,
6/30/2021,Steffan,2,3,,11,,4,,,,,,,20,3,,,,,,,,,,,,,,,,,,,,,,,,,,,,,,,,,,,,,,,,,,,,3,1,,,,,,,,,,,,,,,,
6/30/2021,Steffan,3,3,,2,,8,,,,1,,,45,5,,,,2,,,,,1,,,,,,,,1,,,,,,,,,1,,,,,,,,,,,,,,,,,,5,,1,,,,,,,,,,,,,,,
6/30/2021,Steffan,4,3,5,2,,25,,,,1,,,184,1,,,,1,,4,,,,,,,,,,,,,,,,,,,,,,,,,,,,,,,,,,1,,,,4,6,,,,,,,,,,,,,,,,
6/30/2021,Steffan,5,3,15,27,,6,,,,1,,,34,,,,,,,,,,,,,,,,,,,,,,,,2,,,,,,1,,,,,,,,,,,,1,,,2,8,,,,,,,,,,,,,,,,
6/30/2021,Steffan,6,3,12,9,,5,,,,,,,120,,,,,5,,1,,,,,,,,,,,,,,,,4,2,,,,,,1,,,,,,,,,,,,,,,3,,,,,,,,,,,,,,,,,
5/25/2021,Steptoe,1,1,3,1,,,,,,,,,,,,,,,,,,,,,,,,,,,,,,,,,,,,15,,,,,,,,,,,,,,,,,,2,,,,,,,,,,,,,,,,,
5/25/2021,Steptoe,2,1,1,,,,,,,,,,,,,,,,,,,,,,,,,,,,,,,,,,,,,,,,,,,,,,,,,,,,,,,,,,,,,,,,,,,,,,,,
5/25/2021,Steptoe,3,1,2,1,,,,,,,,,,1,,,,,,,,,,,,,,,,,,1,,,,,,,,5,,,,,,,,,,,,,,,,,1,1,1,,,,,,,,,,,,,,,,
5/25/2021,Steptoe,4,1,2,1,1,,,,,,,,1,,,,,,,,,,,,,,,,,,,,,,,,,,,,,,,,,,,,,,,,,1,,,,1,,,,,,,,,,,,,,,,,
5/25/2021,Steptoe,5,1,2,2,,,,,,,,,,,,,,,,,,,,,,,,,,,,,,,,,,,,2,,,1,,,,,,,,,,,,,,,1,,,,,,,,,,,,,,,,,
5/25/2021,Steptoe,6,1,6,,,,,,,,,,,1,,,,3,,,,,,,,,,,,,,,,,12,,,,,1,,,,,,,,,,,,,,,1,,,,3,,,,,,,,,,,,,,,,
6/16/2021,Steptoe,1,2,,1,,1,,,,,,,2,,,,,,,,,,,,,,,,,,,,,,,,,,,,,,,,,,,,,,,,,,,,,,3,,,,,,,,,,,,,,,,
6/16/2021,Steptoe,2,2,,,,4,,,,,,,,,,,,8,,,1,,,,,,,,,,,,,,,,,,,,,,,,,,,,,,,,,,,,,2,,,,,,,,,,,,,,,,,
6/16/2021,Steptoe,3,2,,,,,,,,,,,,,,,,,,,,,,,,,,,,,,,,,,,,,,,,,,1,,,,,,,,,,,2,,,,1,,,,,,,,,,,,,,,,
6/16/2021,Steptoe,4,2,3,1,,,,,,,,,2,,,1,,,,,,,,,,,,,,,,,,,11,1,,,,,,,,,,,,,,,,,,,,,,3,6,,,,,,,,,,,,,,,,
6/16/2021,Steptoe,5,2,3,,,,,,,,,,3,,,,,,,,,,,,,,,,,,,,,,,,,,,2,,,,,,,,,,,,,,1,1,,,,,,,,,,,,,,,,,,,,
6/16/2021,Steptoe,6,2,5,1,1,,,,,,,,,1,,,,,,,,,,,,,,,,,,,,,,,,,,,,,,,,,,,,,,,,,,,,2,,,,,,,,,,,,,,,,,
7/7/2021,Steptoe,1,3,6,4,3,,,,,,,,3,,4,,3,6,,3,,,2,,,,,,,,,,,,,2,,,,,,,,1,,,,,,,,,,,,,,,,,,,,,,,,,,,,,,,
7/7/2021,Steptoe,2,3,1,10,,5,,,,,1,,4,,,,1,6,,,,,3,,,,,,,,,,,,,1,,,,,,,,,,,,,,,,,,,,,,4,,,,,,,,,,,,,,,,,
7/7/2021,Steptoe,3,3,2,11,2,,,,,,,,9,2,,,1,5,,,,,,,,,,,,,,,,,,,,,,,,,,,,,,,,,,,,,1,,,,,,,,,,,,,,,,,,,,
7/7/2021,Steptoe,4,3,2,,,,,,,,,,3,,,,8,3,,,,,1,,,,,,,,,,,,3,,,,,,,,,,,,,,,,,,,,1,,,,1,,,,,,,,,,,,,,,,
7/7/2021,Steptoe,5,3,22,1,,,,1,,,,,3,,,,,4,,,1,,,,,,,,,,,,,,,,,,,,,,,,,,,,,,,,,1,,,,,,,,,,,,,,,,,,,,,
7/7/2021,Steptoe,6,3,3,2,,,,,,,,,1,,,,4,,,,,,,,,,,,,,,,,,11,4,,,1,,,,,,,,,,,,,,,,1,,,,,,,,,,,,,,,,,,,,
5/17/2021,Wawawai,1,1,,,,,,,,,,,5,,,,,5,,,,,,2,,,,,,,,,,,46,,,,,,,,,,,,,,,,,,,,,,,,,,,,,,,,,,,,,,,,
5/17/2021,Wawawai,2,1,,,1,,,,,,,,10,,,,,36,,,,,,,,,,,,,,,,,3,,,,,,,,,,,,,,,,,,,,1,,,,,,,,,,,,,,,,,,,,
5/17/2021,Wawawai,3,1,1,,1,,,,,,,,14,,,,,4,,12,,,,,,,,,,,,,,,2,,,,,,,,,,,,,,,,,,,,,,,1,,,,,,,,,,,,,,,,,
5/17/2021,Wawawai,4,1,,1,,,,,,,,,4,,,,,59,,,,,,,,,,,,,,,,,2,,,,,,,,,,,,,,,,,,,,,,,2,,,,,,,,,,,,,,,,,
5/17/2021,Wawawai,5,1,1,2,,,,,,,2,,7,,,1,,85,,,,,,4,,,,,,,,,,,,,,2,,,,,,,,,,,,,,,,,,,3,,,,,,,,,,,,,1,,,,,
5/17/2021,Wawawai,6,1,,,1,,,,,,,,19,,,,,54,,,,,,,,,,,,,,,,,,,,,,,,,,,,,,,,,,,,,,,,14,1,,,,,,,1,,,,,,,,,
6/7/2021,Wawawai,1,2,7,1,,,,,,,,,,,,,,2,,,,,,,,,,,,,,,,,,,,,,,,,,,,,,,,,,,,,,,,,,,,,,,,,,,,,,,,,
6/7/2021,Wawawai,2,2,16,1,,,,,,,,,,,,,,1,,,,,,,,,,,,,,,,,,,,,,,,,,,,,,,,,,,,,,,,1,,,,,,,,,,,,,,,,,
6/7/2021,Wawawai,3,2,2,,,,,,,,,,15,,,,,1,,,,,,,,,,,,,,,,,,,,,,,,,,,,,,,,,,,,,,,,,1,,,,,,,,,,,,,,,,
6/7/2021,Wawawai,4,2,4,1,,,,,,,,,2,,,,,,,,1,,,,,,,,,,,,,,,,,,,,,,,,,,,,,,,,,,,,,,,,,,,,,,,,,,,,,,
6/7/2021,Wawawai,5,2,6,,,,,,,,,,6,,,,,4,,,,,,1,,,,,,,,,,,,,,,,,,,,,,,,,,,,,,,,,,,,,,,,,,,,,,,,,,,
6/7/2021,Wawawai,6,2,8,1,,,,,,,,,,,,,,2,,,,,,,,,,,,,,,,,,,,,,,,,,,,,,,,,,,,,,,,,1,,,,,,,,,,,,,,,,
5/24/2021,Wolf,1,1,,,,,,,,,,,3,,,,,,,,,,,,,,,,,,,,,,,,,,,,,,,,,,1,,,,,,,,,,,,,,,,,,,,,,,,,,,,
5/24/2021,Wolf,2,1,1,,,,,,,,,,1,,,,,,,,,,,,,,,,,,,,,,,,,,,,,,,,,,,,,,,,,,,,,,,,,,,,,,,,,,,,,,
5/24/2021,Wolf,3,1,,,,,,,,1,,,6,1,,,,,,,,,,,,,,,,,,,,,,,,,,,,,,,,,,,,,,,,,,,,,,,,,,,,,,,,,,,,,
5/24/2021,Wolf,4,1,,,,,,,,,,,8,,,,,,,,,,,,,,,,,,,,,,,,,,,,,,,,,,,,,,,,,,,,,,,,,,,,,,,,,,,,,,
5/24/2021,Wolf,5,1,1,,,,,,,,,,2,,,,,,,,,,,,,,,,,,,,,,,,,,,,,,,,,,,,,,,,,,,,,1,,,,,,,,,,,,,,,,,
5/24/2021,Wolf,6,1,,,,,,,,,,,27,,,,,,,,,,,,,,,,,,,,,,,,,,,,,,,,,,,,,,,,,,1,2,,,,,,,,,,,,,,,,,,,
6/14/2021,Wolf,1,2,,,,,,,,,,,14,,,,,,,,,,,,,,,,,,,,,,,1,,,,,,,,,,,,,,,,,,,,,,1,,,,,,,,,,,,,,,,,
6/14/2021,Wolf,2,2,,,,,,,,1,,,13,,,,,,,1,,,,,,,,,,,,,,,,,,,,,,,,,,,,,,,,,,,,,,1,,,,,,,,,,,,,,,,,
6/14/2021,Wolf,3,2,,,1,,,,,,,,5,,,,,,,,,,,,,,,,,,,1,,,,,,,,,,,,,,,,,,,,,,,2,,,,,,,,,,,,,,,,,,,,
6/14/2021,Wolf,4,2,1,2,1,,,,,,,,152,,,,,,,,,,,,,,,,,,,,,,,1,,,,,,,,,,,,,,,,,,,,,,,,,,,,,,,,,,,,,,,
6/14/2021,Wolf,5,2,1,,,,,,,1,,,13,,,,,1,,,,,,,,,,,,,,,,,,,,,,,,,,,,,,,,,,,,,,,,,,,,,,,,,,,,,,,,,
6/14/2021,Wolf,6,2,,,,,,,,,,,46,,,,,,,,,,,,,,,,,,,,,,,,,,,1,,,,,,,,,,,,,,,,,,,1,,,,,,,,,,,,,,,,
7/6/2021,Wolf,1,3,,1,,,,,,,,,57,,1,,,,,1,,,,,3,,,,,,,,,,,,,,,2,,,,,,,,,,,,,,,,,,,,,,,,,,,,,,,,,,,
7/6/2021,Wolf,2,3,2,,1,,,,,1,,,6,,,,,,,2,,,2,,,,,,,1,,,,,1,,,,,1,,,,,,,,,,,,,,,,,,1,,,,,,,,,,,,,,,,,
7/6/2021,Wolf,3,3,,2,,14,,,,,,,22,,,,,,,1,,,,,,,,,,,,,,,,,,,,3,,,,,,,,,,,,,,,,,,2,,,,,,,,,,,,,,,,,
7/6/2021,Wolf,4,3,1,,,,,,,,,,12,,,,,,,,,,1,,,,,,,3,,,,,,,,,,,,,,,,,,,,,,,,,,,,,,,,,,,,,,,,,,,,,
7/6/2021,Wolf,5,3,,4,,50,,,,,,,74,6,,,,,,1,,,,,,,,,,,,,,,,,,,,22,,,,,,,,,,,,,,,,,,17,,,,,,,,,,,,,,,,,
7/6/2021,Wolf,6,3,,8,,10,,1,,1,,,9,3,,,,1,,1,,,,,,,,,,,,,,,,,,,,,,,,,,,,,,,,,,,,,,1,1,,,,,,,,,,,,,,,,
5/26/2021,WSU Arboretum,1,1,,1,,,,,,,3,,,,,,,1,,,,,,,,,,,,,,,,,,,,,,,,,,,,,,,,,,,,,,,,,,,,,,,,,,,,,,,,,
5/26/2021,WSU Arboretum,2,1,1,,,,,,,,,,5,2,,,,,,2,,,,,,,,,,,,,1,,,,,2,,,,,,,,,,,,,,,,,,,,1,,,,,,,,,,,,,,,,,
5/26/2021,WSU Arboretum,3,1,1,,,,,,,,,,3,,,,,,,,,,,,,,,,,,,,,,,,,,,,,,,,,,,,,,,,,,,,,1,,,,,,,,,,,,,,,,,
5/26/2021,WSU Arboretum,4,1,1,1,,,,,,,,,16,,,,,7,,,,,,,,,,,,,,,,,1,,,,,,,,,,,,,,,,,,,,,,,,,,,,,,,,,,,,,,,,
5/26/2021,WSU Arboretum,5,1,8,,,,,,,,,,2,,,,,,,,,,,,,,,,,,,,,,1,,,,,,,,,,,,,,,,,,,,,,,,,,,,,,,,,,,,,,,,
5/26/2021,WSU Arboretum,6,1,1,,,,,,,,,,2,,,,,15,,,,,,,,,,,,,,,,,3,,,,,,,,,,,,,,,,,,,1,,,,1,,,,,,,,,,,,,,,,,
6/16/2021,WSU Arboretum,1,2,9,2,,,,,,3,1,,62,,,,,3,,,,,,,,,1,,,,,,,,1,,1,,,,,,,,,,,,,,,,,,1,,,5,2,,,,,,,,,,,,,,,,
6/16/2021,WSU Arboretum,2,2,643,2,,3,,,,,,,111,2,,,,,,,,,,,,,,,,,,,,,,,,,,,,,,,,,,,,,,,,,,,,8,,,,,,,,,,,,,,,,,
6/16/2021,WSU Arboretum,3,2,437,6,,6,,,,1,,,27,2,,,,8,,1,,,,,,1,,,,,,,,,,1,,,,,,,,,,,,,,,,,,,,,,2,1,,,,,,,,,,,,,,,,
6/16/2021,WSU Arboretum,4,2,4,,1,4,,,,,,,26,1,,,,,,1,,,,,,,,,,,,,,,1,,,,,,,,,,,,,,,,,,,,,,,23,,,,,,,,,,,,,,,,,
6/16/2021,WSU Arboretum,5,2,10,,2,,,,,5,,,32,1,,,,4,,,,,,,,,,,,,,,,,,1,,,,,,,,,,,,,,,,,,,,,,51,,,,,,,,,,,,,,,,,
6/16/2021,WSU Arboretum,6,2,1,2,,,,,,,,,125,10,,,,5,,,,,,,,,,,,,,,,,3,,,,,,,,,,,,,,,,,,,,,,,2,,,,,,,,,,,,,,,,,
7/7/2021,WSU Arboretum,1,3,,5,,1,,,,,,,10,3,,,,1,,,,,,,,,,,,,,,,,,,,,,,,,,,,,,,,,,,,,,,,,,,,,,,,,,,,,,,,,
7/7/2021,WSU Arboretum,2,3,4,,,1,,,,1,,,22,1,,,,,,2,,,,,,,,,,,2,,,,,,,,,,,,,,,,,,,,,,,,,,,1,,,,,,,,,,,,,,,,,
7/7/2021,WSU Arboretum,3,3,,2,,6,,,,,,,54,,,,,,,1,,,,,,,,,,,,,,,,,,,,,,,,,,,,,,,,,,,,,,10,,,,,,,,,,,,,,,,,
7/7/2021,WSU Arboretum,4,3,2,1,,17,,1,,,,1,42,1,,,,2,,,,,,,,,,,,,,,,,,1,,,,,,,,,,,,,,,,,,,,,,20,,,,,,,,,,,,,,,,,
7/7/2021,WSU Arboretum,5,3,1,,,5,,,,,,,9,1,,,,1,,,,,,,,,,,,,,,,,,,,,,,,,,,,,,,,,,,,,,,,5,,,,,,,,,,,,,,,,,
7/7/2021,WSU Arboretum,6,3,,1,,,,,,1,,,5,1,,1,,,,,,,,,,,,,,,,,,,,2,,,,,,,,,,,,,,,,,,,,,1,,,1,,,,,,,,,,,,,,,
